Date,Time,Temperature,Humidity,Gas,Light,Rain,Voltage,InternalTemp,RTCTemp,BatteryStatus,SensorStatus
2025-07-22,15:53:16,29,77,3648,65535,1,4.1382,23.861,29.000,FULL,NORMAL
2025-07-22,15:53:21,29,77,6033,65528,1,4.1371,24.329,29.000,FULL,NORMAL
2025-07-22,15:53:44,29,77,3024,65531,1,4.1326,25.265,29.000,FULL,NORMAL
2025-07-22,15:53:50,29,76,2912,65535,1,4.1351,25.265,29.000,FULL,NORMAL
2025-07-22,15:53:55,29,76,2848,65512,1,4.1361,25.359,29.000,FULL,NORMAL
2025-07-22,15:55:56,29,76,1424,65535,1,4.0588,25.734,29.750,FULL,NORMAL
2025-07-22,15:56:01,30,75,1504,65535,1,4.0558,26.295,29.750,FULL,NORMAL
2025-07-22,15:56:07,30,75,1584,65535,1,4.0629,26.108,29.750,FULL,NORMAL
2025-07-22,15:56:12,30,75,1664,65535,1,4.0548,26.295,29.750,FULL,NORMAL
2025-07-22,15:56:17,30,75,1728,65515,1,4.0518,26.576,29.750,FULL,NORMAL
2025-07-22,15:56:23,30,75,1744,65535,1,4.0508,26.295,29.750,FULL,NORMAL
2025-07-22,15:56:28,30,75,1792,65535,1,4.0568,26.764,29.750,FULL,NORMAL
2025-07-22,15:56:33,30,75,1808,65528,1,4.0417,26.295,29.750,FULL,NORMAL
2025-07-22,15:56:39,30,75,1808,65535,1,4.0442,26.483,29.750,FULL,NORMAL
2025-07-22,15:56:44,30,75,1776,65535,1,4.0478,26.951,29.750,FULL,NORMAL
2025-07-22,15:56:50,30,74,1808,65535,1,4.0352,26.483,29.750,FULL,NORMAL
2025-07-22,15:56:55,30,74,1808,65535,1,4.0367,26.764,29.750,FULL,NORMAL
2025-07-22,15:57:00,30,74,1808,65535,1,4.0422,26.576,29.750,FULL,NORMAL
2025-07-22,15:57:06,30,74,1824,65535,1,4.0402,26.951,29.750,FULL,NORMAL
2025-07-22,15:57:11,30,74,1856,65535,1,4.0352,26.951,30.000,FULL,NORMAL
2025-07-22,15:57:17,30,74,1856,65535,1,4.0463,27.044,30.000,FULL,NORMAL
2025-07-22,15:57:22,30,74,1872,65525,1,4.0372,26.951,30.000,FULL,NORMAL
2025-07-22,15:57:27,30,74,1904,65535,1,4.0402,26.951,30.000,FULL,NORMAL
2025-07-22,15:57:33,30,74,1920,65535,1,4.0342,27.044,30.000,FULL,NORMAL
2025-07-22,15:57:38,30,74,1872,65535,1,4.0397,26.951,30.000,FULL,NORMAL
2025-07-22,15:57:44,30,74,1920,65535,1,4.0407,27.044,30.000,FULL,NORMAL
2025-07-22,15:57:49,30,74,1920,65535,1,4.0372,26.951,30.000,FULL,NORMAL
2025-07-22,15:57:54,30,73,1920,65535,1,4.0503,27.138,30.000,FULL,NORMAL
2025-07-22,15:58:00,30,74,1920,65535,1,4.0483,27.044,30.000,FULL,NORMAL
2025-07-22,15:58:05,30,74,1920,65535,1,4.0392,27.325,30.000,FULL,NORMAL
2025-07-22,15:58:11,30,73,1952,65535,1,4.0498,27.232,30.000,FULL,NORMAL
2025-07-22,15:58:16,30,73,1984,65535,1,4.0493,27.325,30.250,FULL,NORMAL
2025-07-22,15:58:21,30,73,1968,65535,1,4.0417,27.138,30.250,FULL,NORMAL
2025-07-22,15:58:27,30,73,1984,65535,1,4.0417,27.044,30.250,FULL,NORMAL
2025-07-22,15:58:32,30,73,2000,65535,1,4.0508,27.138,30.250,FULL,NORMAL
2025-07-22,15:58:37,30,74,1968,65535,1,4.0246,27.513,30.250,FULL,NORMAL
2025-07-22,15:58:43,30,75,1936,65535,1,4.0216,27.606,30.250,FULL,NORMAL
2025-07-22,15:58:48,30,75,1952,65535,1,4.0442,27.513,30.250,FULL,NORMAL
2025-07-22,15:58:54,30,75,1952,65515,1,4.0196,27.606,30.250,FULL,NORMAL
2025-07-22,15:58:59,30,74,1952,65535,1,4.0322,27.700,30.250,FULL,NORMAL
2025-07-22,15:59:04,30,73,1952,65535,1,4.0301,27.700,30.250,FULL,NORMAL
2025-07-22,15:59:10,30,73,1968,65535,1,4.0150,27.419,30.250,FULL,NORMAL
2025-07-22,15:59:15,30,73,1968,65535,1,4.0256,27.513,30.250,FULL,NORMAL
2025-07-22,15:59:21,30,73,1984,65493,1,4.0201,27.887,30.250,FULL,NORMAL
2025-07-22,15:59:26,30,73,1968,65535,1,4.0362,27.419,30.250,FULL,NORMAL
2025-07-22,15:59:31,30,73,1984,65535,1,4.0291,27.793,30.250,FULL,NORMAL
2025-07-22,15:59:37,30,73,1968,65535,1,4.0201,27.793,30.250,FULL,NORMAL
2025-07-22,15:59:42,30,73,1968,65535,1,4.0221,27.887,30.250,FULL,NORMAL
2025-07-22,15:59:48,30,74,1952,65512,1,4.0276,27.793,30.250,FULL,NORMAL
2025-07-22,15:59:53,30,74,1968,65535,1,4.0231,27.513,30.250,FULL,NORMAL
2025-07-22,15:59:58,30,74,1952,65535,1,4.0155,27.606,30.250,FULL,NORMAL
2025-07-22,16:00:04,30,74,1968,65535,1,4.0145,27.981,30.250,FULL,NORMAL
2025-07-22,16:00:09,30,74,1968,65535,1,4.0286,27.793,30.250,FULL,NORMAL
2025-07-22,16:00:15,30,73,1952,65535,1,4.0231,27.606,30.250,FULL,NORMAL
2025-07-22,16:00:20,30,73,1936,65535,1,4.0206,27.887,30.250,FULL,NORMAL
2025-07-22,16:00:25,30,73,1952,65535,1,4.0160,27.513,30.500,FULL,NORMAL
2025-07-22,16:00:31,30,73,1952,65535,1,4.0155,27.887,30.500,FULL,NORMAL
2025-07-22,16:00:36,30,73,1936,65535,1,4.0286,27.793,30.500,FULL,NORMAL
2025-07-22,16:00:42,30,73,1920,65535,1,4.0211,27.700,30.500,FULL,NORMAL
2025-07-22,16:00:47,30,73,1936,65535,1,4.0171,28.074,30.500,FULL,NORMAL
2025-07-22,16:00:52,30,73,1984,65535,1,4.0221,27.887,30.500,FULL,NORMAL
2025-07-22,16:00:58,30,74,2000,65535,1,4.0251,27.887,30.500,FULL,NORMAL
2025-07-22,16:01:03,30,74,2000,65499,1,4.0186,28.074,30.500,FULL,NORMAL
2025-07-22,16:01:09,30,74,2016,65535,1,4.0206,28.262,30.500,FULL,NORMAL
2025-07-22,16:01:14,30,74,2000,65535,1,4.0186,28.168,30.500,FULL,NORMAL
2025-07-22,16:01:19,30,74,2000,65535,1,4.0226,28.074,30.500,FULL,NORMAL
2025-07-22,16:01:25,30,74,2016,65535,1,4.0145,27.887,30.500,FULL,NORMAL
2025-07-22,16:01:30,30,75,2000,65535,1,4.0130,27.793,30.500,FULL,NORMAL
2025-07-22,16:01:35,30,74,1984,65535,1,4.0165,28.074,30.500,FULL,NORMAL
2025-07-22,16:01:41,30,73,2000,65535,1,4.0176,27.981,30.500,FULL,NORMAL
2025-07-22,16:01:46,30,73,2000,65499,1,4.0176,28.074,30.500,FULL,NORMAL
2025-07-22,16:01:52,30,74,2000,65535,1,4.0150,28.262,30.500,FULL,NORMAL
2025-07-22,16:01:57,30,73,2016,65535,1,4.0271,28.074,30.500,FULL,NORMAL
2025-07-22,16:02:03,30,74,2048,65535,1,4.0241,28.168,30.500,FULL,NORMAL
2025-07-22,16:02:08,30,73,2048,65535,1,4.0110,27.887,30.500,FULL,NORMAL
2025-07-22,16:02:13,30,73,1984,65535,1,4.0100,27.981,30.500,FULL,NORMAL
2025-07-22,16:02:19,30,73,1984,65522,1,4.0176,28.355,30.500,FULL,NORMAL
2025-07-22,16:02:24,30,73,1984,65535,1,4.0100,27.981,30.500,FULL,NORMAL
2025-07-22,16:02:29,30,73,2000,65535,1,4.0065,28.542,30.500,FULL,NORMAL
2025-07-22,16:02:35,30,73,2016,65535,1,4.0171,28.262,30.750,FULL,NORMAL
2025-07-22,16:02:40,30,73,2016,65535,1,4.0140,28.074,30.750,FULL,NORMAL
2025-07-22,16:02:46,30,73,2016,65528,1,4.0075,27.981,30.750,FULL,NORMAL
2025-07-22,16:02:51,30,73,1984,65535,1,4.0045,28.262,30.750,FULL,NORMAL
2025-07-22,16:02:56,30,73,1984,65535,1,4.0019,28.262,30.750,FULL,NORMAL
2025-07-22,16:03:02,30,73,2000,65535,1,4.0196,28.168,30.750,FULL,NORMAL
2025-07-22,16:03:07,30,73,2016,65535,1,4.0060,28.730,30.750,FULL,NORMAL
2025-07-22,16:03:13,30,73,2016,65535,1,4.0150,28.262,30.750,FULL,NORMAL
2025-07-22,16:03:18,30,73,2000,65535,1,4.0135,28.074,30.750,FULL,NORMAL
2025-07-22,16:03:23,30,74,2000,65515,1,4.0150,28.355,30.750,FULL,NORMAL
2025-07-22,16:03:29,30,74,2048,65535,1,4.0050,28.449,30.750,FULL,NORMAL
2025-07-22,16:03:34,30,74,2064,65535,1,4.0075,28.355,30.750,FULL,NORMAL
2025-07-22,16:03:40,30,74,2048,65535,1,4.0165,28.074,30.750,FULL,NORMAL
2025-07-22,16:03:45,30,74,2048,65515,1,4.0145,28.262,30.750,FULL,NORMAL
2025-07-22,16:03:50,30,74,2048,65535,1,4.0055,28.449,30.750,FULL,NORMAL
2025-07-22,16:03:56,30,74,2032,65535,1,4.0035,28.168,30.750,FULL,NORMAL
2025-07-22,16:04:01,30,74,2048,65535,1,4.0105,28.168,30.750,FULL,NORMAL
2025-07-22,16:04:07,29,75,2016,65535,1,4.0155,28.168,30.750,FULL,NORMAL
2025-07-22,16:04:12,29,75,2016,65535,1,4.0045,28.262,30.750,FULL,NORMAL
2025-07-22,16:04:17,29,75,2048,65535,1,3.9989,28.262,30.750,GOOD,NORMAL
2025-07-22,16:04:23,29,75,2016,65535,1,4.0055,27.981,30.750,FULL,NORMAL
2025-07-22,16:04:28,29,75,2048,65535,1,4.0085,27.700,30.750,FULL,NORMAL
2025-07-22,16:04:34,29,75,2048,65535,1,4.0009,28.262,30.750,FULL,NORMAL
2025-07-22,16:04:39,29,75,2048,65535,1,4.0165,28.449,30.750,FULL,NORMAL
2025-07-22,16:04:44,29,76,2016,65499,1,4.0070,28.074,30.750,FULL,NORMAL
2025-07-22,16:04:50,29,76,2016,65535,1,4.0171,28.168,30.750,FULL,NORMAL
2025-07-22,16:04:55,29,76,1968,65535,1,4.0115,27.700,30.750,FULL,NORMAL
2025-07-22,16:05:01,29,76,2064,65535,1,4.0055,28.355,30.750,FULL,NORMAL
2025-07-22,16:05:06,29,76,2064,65535,1,4.0100,28.262,30.750,FULL,NORMAL
2025-07-22,16:05:11,29,76,2048,65535,1,4.0055,28.262,30.750,FULL,NORMAL
2025-07-22,16:05:17,29,76,2048,65535,1,4.0130,28.355,30.750,FULL,NORMAL
2025-07-22,16:05:22,29,76,2000,65535,1,4.0050,28.074,30.750,FULL,NORMAL
2025-07-22,16:05:28,29,76,1968,65535,1,4.0130,28.168,30.750,FULL,NORMAL
2025-07-22,16:05:33,29,76,2000,65535,1,4.0085,27.981,30.750,FULL,NORMAL
2025-07-22,16:05:38,29,76,2048,65535,1,4.0055,27.981,30.750,FULL,NORMAL
2025-07-22,16:05:44,29,76,2016,65535,1,4.0080,28.262,30.750,FULL,NORMAL
2025-07-22,16:05:49,29,76,2016,65535,1,3.9909,28.168,30.750,GOOD,NORMAL
2025-07-22,16:05:54,29,76,2064,65535,1,4.0009,27.887,30.750,FULL,NORMAL
2025-07-22,16:06:00,29,76,2064,65535,1,4.0065,28.262,30.750,FULL,NORMAL
2025-07-22,16:06:05,29,76,2016,65535,1,3.9949,28.074,30.750,GOOD,NORMAL
2025-07-22,16:06:11,29,76,1968,65535,1,4.0045,28.074,30.750,FULL,NORMAL
2025-07-22,16:06:16,29,76,2016,65535,1,4.0160,28.355,30.750,FULL,NORMAL
2025-07-22,16:06:22,29,76,2048,65535,1,4.0055,28.168,30.750,FULL,NORMAL
2025-07-22,16:06:27,29,76,2048,65535,1,4.0090,28.168,30.750,FULL,NORMAL
2025-07-22,16:06:32,29,76,2064,65535,1,3.9939,28.074,30.750,GOOD,NORMAL
2025-07-22,16:06:38,29,76,2048,65535,1,4.0090,27.793,30.750,FULL,NORMAL
2025-07-22,16:06:43,29,76,2080,65535,1,4.0024,27.887,30.750,FULL,NORMAL
2025-07-22,16:06:49,29,76,2064,65535,1,3.9889,28.168,30.500,GOOD,NORMAL
2025-07-22,16:06:54,29,76,2064,65525,1,4.0004,28.262,30.500,FULL,NORMAL
2025-07-22,16:06:59,29,76,2064,65535,1,4.0080,28.074,30.500,FULL,NORMAL
2025-07-22,16:07:05,29,76,2016,65535,1,3.9969,28.074,30.500,GOOD,NORMAL
2025-07-22,16:07:10,29,76,1984,65535,1,3.9984,28.355,30.500,GOOD,NORMAL
2025-07-22,16:07:16,29,76,2016,65535,1,3.9994,28.262,30.500,GOOD,NORMAL
2025-07-22,16:07:21,29,76,2016,65535,1,3.9984,28.074,30.500,GOOD,NORMAL
2025-07-22,16:07:26,29,76,2064,65509,1,4.0125,27.700,30.500,FULL,NORMAL
2025-07-22,16:07:32,28,76,2064,65535,1,4.0055,27.793,30.500,FULL,NORMAL
2025-07-22,16:07:37,28,76,2048,65525,1,4.0009,28.074,30.500,FULL,NORMAL
2025-07-22,16:07:42,28,76,2048,65535,1,3.9974,27.793,30.500,GOOD,NORMAL
2025-07-22,16:07:48,28,76,2080,65535,1,4.0004,28.355,30.500,FULL,NORMAL
2025-07-22,16:07:53,28,77,2080,65535,1,3.9949,27.981,30.500,GOOD,NORMAL
2025-07-22,16:07:59,28,77,2064,65535,1,3.9974,28.168,30.500,GOOD,NORMAL
2025-07-22,16:08:04,28,77,2048,65515,1,4.0065,28.074,30.500,FULL,NORMAL
2025-07-22,16:08:09,28,77,2080,65535,1,3.9919,28.168,30.500,GOOD,NORMAL
2025-07-22,16:08:15,28,77,2064,65535,1,4.0030,27.981,30.500,FULL,NORMAL
2025-07-22,16:08:20,28,77,2064,65535,1,3.9969,27.887,30.500,GOOD,NORMAL
2025-07-22,16:08:26,28,77,2064,65535,1,3.9969,27.981,30.500,GOOD,NORMAL
2025-07-22,16:08:31,28,77,2080,65535,1,3.9964,27.793,30.500,GOOD,NORMAL
2025-07-22,16:08:37,28,77,2080,65535,1,3.9919,27.887,30.500,GOOD,NORMAL
2025-07-22,16:08:42,28,77,2064,65535,1,3.9989,27.981,30.500,GOOD,NORMAL
2025-07-22,16:08:47,28,77,2064,65535,1,3.9934,27.793,30.500,GOOD,NORMAL
2025-07-22,16:08:53,28,77,2048,65535,1,4.0014,27.700,30.500,FULL,NORMAL
2025-07-22,16:08:58,28,77,2048,65535,1,3.9969,28.168,30.500,GOOD,NORMAL
2025-07-22,16:09:04,28,77,1936,65535,1,3.9994,27.887,30.500,GOOD,NORMAL
2025-07-22,16:09:09,28,77,1936,65535,1,4.0085,27.887,30.500,FULL,NORMAL
2025-07-22,16:09:14,28,77,2032,65535,1,3.9989,27.700,30.500,GOOD,NORMAL
2025-07-22,16:09:20,28,77,2048,65535,1,3.9944,27.419,30.500,GOOD,NORMAL
2025-07-22,16:09:25,28,77,2080,65535,1,4.0030,27.606,30.500,FULL,NORMAL
2025-07-22,16:09:31,28,77,2096,65535,1,3.9989,27.793,30.500,GOOD,NORMAL
2025-07-22,16:09:36,28,77,2096,65535,1,4.0075,27.606,30.500,FULL,NORMAL
2025-07-22,16:09:41,28,77,2080,65535,1,3.9979,28.074,30.500,GOOD,NORMAL
2025-07-22,16:09:47,28,77,2096,65535,1,4.0070,27.606,30.500,FULL,NORMAL
2025-07-22,16:09:52,28,77,2112,65535,1,3.9994,27.700,30.500,GOOD,NORMAL
2025-07-22,16:09:57,28,77,2048,65535,1,4.0160,27.793,30.500,FULL,NORMAL
2025-07-22,16:10:03,28,77,2016,65535,1,4.0035,27.793,30.250,FULL,NORMAL
2025-07-22,16:10:08,28,77,2064,65535,1,4.0115,27.887,30.250,FULL,NORMAL
2025-07-22,16:10:14,28,78,2096,65535,1,3.9979,27.700,30.250,GOOD,NORMAL
2025-07-22,16:10:19,28,78,2064,65535,1,4.0100,27.887,30.250,FULL,NORMAL
2025-07-22,16:10:24,28,78,2064,65535,1,4.0070,27.606,30.250,FULL,NORMAL
2025-07-22,16:10:30,28,78,2000,65535,1,4.0090,27.887,30.250,FULL,NORMAL
2025-07-22,16:10:36,28,78,1968,65535,1,4.0040,27.606,30.250,FULL,NORMAL
2025-07-22,16:10:41,28,78,2064,65535,1,4.0004,27.606,30.250,FULL,NORMAL
2025-07-22,16:10:46,28,78,2112,65535,1,4.0070,27.793,30.250,FULL,NORMAL
2025-07-22,16:10:52,28,78,2112,65535,1,3.9974,27.700,30.250,GOOD,NORMAL
2025-07-22,16:10:57,28,78,2112,65535,1,3.9999,27.419,30.250,GOOD,NORMAL
2025-07-22,16:11:02,28,78,2096,65535,1,3.9873,27.700,30.250,GOOD,NORMAL
2025-07-22,16:11:08,28,78,2096,65535,1,4.0070,27.700,30.250,FULL,NORMAL
2025-07-22,16:11:13,28,78,2112,65535,1,4.0065,27.981,30.250,FULL,NORMAL
2025-07-22,16:11:19,28,78,2112,65512,1,4.0105,27.513,30.250,FULL,NORMAL
2025-07-22,16:11:24,28,78,2096,65535,1,3.9964,27.700,30.250,GOOD,NORMAL
2025-07-22,16:11:29,28,78,2096,65535,1,3.9969,27.793,30.250,GOOD,NORMAL
2025-07-22,16:11:35,28,78,2112,65535,1,4.0055,27.606,30.250,FULL,NORMAL
2025-07-22,16:11:40,28,78,2096,65535,1,3.9934,27.419,30.250,GOOD,NORMAL
2025-07-22,16:11:46,28,78,2096,65535,1,4.0085,27.419,30.250,FULL,NORMAL
2025-07-22,16:11:51,28,78,2080,65535,1,4.0014,27.700,30.250,FULL,NORMAL
2025-07-22,16:11:56,28,78,2064,65535,1,3.9878,27.419,30.250,GOOD,NORMAL
2025-07-22,16:12:02,28,78,2064,65525,1,3.9969,27.325,30.250,GOOD,NORMAL
2025-07-22,16:12:07,28,78,2096,65535,1,3.9934,27.700,30.250,GOOD,NORMAL
2025-07-22,16:12:13,28,78,2096,65535,1,3.9939,27.793,30.250,GOOD,NORMAL
2025-07-22,16:12:18,28,78,2080,65535,1,3.9989,27.513,30.250,GOOD,NORMAL
2025-07-22,16:12:23,28,78,2080,65535,1,3.9979,27.419,30.250,GOOD,NORMAL
2025-07-22,16:12:29,28,78,2080,65535,1,3.9929,27.700,30.250,GOOD,NORMAL
2025-07-22,16:12:34,28,78,2096,65535,1,4.0040,27.513,30.250,FULL,NORMAL
2025-07-22,16:12:39,28,78,2080,65535,1,3.9904,27.513,30.250,GOOD,NORMAL
2025-07-22,16:12:45,28,78,2096,65535,1,3.9899,27.606,30.250,GOOD,NORMAL
2025-07-22,16:12:51,28,78,2064,65535,1,3.9929,27.700,30.250,GOOD,NORMAL
2025-07-22,16:12:56,28,78,2016,65535,1,3.9873,27.606,30.250,GOOD,NORMAL
2025-07-22,16:13:01,28,78,2016,65535,1,3.9863,27.700,30.250,GOOD,NORMAL
2025-07-22,16:13:07,28,78,2016,65535,1,3.9929,27.513,30.250,GOOD,NORMAL
2025-07-22,16:13:12,28,78,2048,65535,1,3.9939,27.793,30.000,GOOD,NORMAL
2025-07-22,16:13:18,28,78,2080,65535,1,3.9914,27.793,30.000,GOOD,NORMAL
2025-07-22,16:13:23,28,78,2048,65535,1,3.9803,27.513,30.000,GOOD,NORMAL
2025-07-22,16:13:28,28,78,2048,65535,1,3.9904,27.700,30.000,GOOD,NORMAL
2025-07-22,16:13:34,28,78,1968,65535,1,3.9813,27.232,30.000,GOOD,NORMAL
2025-07-22,16:13:39,28,78,2064,65506,1,3.9813,27.232,30.000,GOOD,NORMAL
2025-07-22,16:13:44,28,79,2096,65535,1,3.9873,27.325,30.000,GOOD,NORMAL
2025-07-22,16:13:50,28,79,2096,65535,1,3.9949,27.606,30.000,GOOD,NORMAL
2025-07-22,16:13:55,28,79,2096,65535,1,3.9848,27.606,30.000,GOOD,NORMAL
2025-07-22,16:14:01,28,79,2096,65515,1,3.9833,27.793,30.000,GOOD,NORMAL
2025-07-22,16:14:06,28,78,2064,65535,1,3.9798,27.419,30.000,GOOD,NORMAL
2025-07-22,16:14:11,28,78,2080,65535,1,3.9773,27.606,30.000,GOOD,NORMAL
2025-07-22,16:14:17,28,78,2096,65535,1,3.9848,27.325,30.000,GOOD,NORMAL
2025-07-22,16:14:22,28,78,2112,65535,1,3.9758,27.606,30.000,GOOD,NORMAL
2025-07-22,16:14:28,28,78,2096,65535,1,3.9833,27.606,30.000,GOOD,NORMAL
2025-07-22,16:14:33,28,79,2064,65535,1,3.9737,27.606,30.000,GOOD,NORMAL
2025-07-22,16:14:38,28,78,2080,65535,1,3.9863,27.606,30.000,GOOD,NORMAL
2025-07-22,16:14:44,28,78,1984,65535,1,3.9763,27.513,30.000,GOOD,NORMAL
2025-07-22,16:14:49,28,78,2048,65535,1,3.9682,27.325,30.000,GOOD,NORMAL
2025-07-22,16:14:55,28,78,2080,65535,1,3.9813,27.325,30.000,GOOD,NORMAL
2025-07-22,16:15:00,28,78,2112,65535,1,3.9793,27.138,30.000,GOOD,NORMAL
2025-07-22,16:15:06,28,78,2096,65535,1,3.9753,27.606,30.000,GOOD,NORMAL
2025-07-22,16:15:11,28,78,2096,65535,1,3.9798,27.325,30.000,GOOD,NORMAL
2025-07-22,16:15:16,28,78,2112,65535,1,3.9763,27.419,30.000,GOOD,NORMAL
2025-07-22,16:15:22,28,78,2096,65535,1,3.9778,27.325,30.000,GOOD,NORMAL
2025-07-22,16:15:27,28,79,2112,65535,1,3.9803,27.325,30.000,GOOD,NORMAL
2025-07-22,16:15:33,28,79,2080,65535,1,3.9783,27.513,30.000,GOOD,NORMAL
2025-07-22,16:15:38,28,79,2080,65535,1,3.9843,27.232,30.000,GOOD,NORMAL
2025-07-22,16:15:43,28,79,2048,65535,1,3.9652,27.325,30.000,GOOD,NORMAL
2025-07-22,16:15:49,28,79,2016,65535,1,3.9788,27.232,30.000,GOOD,NORMAL
2025-07-22,16:15:54,28,79,1968,65535,1,3.9768,27.419,30.000,GOOD,NORMAL
2025-07-22,16:16:00,28,79,2000,65535,1,3.9858,27.138,30.000,GOOD,NORMAL
2025-07-22,16:16:05,28,79,2080,65535,1,3.9773,27.325,30.000,GOOD,NORMAL
2025-07-22,16:16:10,28,79,2064,65535,1,3.9843,27.513,30.000,GOOD,NORMAL
2025-07-22,16:16:16,28,79,2000,65535,1,3.9758,27.232,30.000,GOOD,NORMAL
2025-07-22,16:16:21,28,79,2048,65535,1,3.9778,27.325,30.000,GOOD,NORMAL
2025-07-22,16:16:27,28,79,1984,65535,1,3.9778,27.325,29.750,GOOD,NORMAL
2025-07-22,16:16:32,28,79,2016,65535,1,3.9773,27.232,29.750,GOOD,NORMAL
2025-07-22,16:16:37,27,80,2064,65535,1,3.9748,26.951,29.750,GOOD,NORMAL
2025-07-22,16:16:43,27,80,2064,65535,1,3.9803,27.419,29.750,GOOD,NORMAL
2025-07-22,16:16:48,27,80,2128,65535,1,3.9637,27.232,29.750,GOOD,NORMAL
2025-07-22,16:16:54,27,80,2128,65535,1,3.9843,27.232,29.750,GOOD,NORMAL
2025-07-22,16:16:59,27,80,2128,65496,1,3.9818,27.138,29.750,GOOD,NORMAL
2025-07-22,16:17:05,27,80,2048,65535,1,3.9783,26.857,29.750,GOOD,NORMAL
2025-07-22,16:17:10,27,80,1984,65535,1,3.9758,27.232,29.750,GOOD,NORMAL
2025-07-22,16:17:15,27,80,2080,65535,1,3.9783,27.044,29.750,GOOD,NORMAL
2025-07-22,16:17:21,27,80,2128,65531,1,3.9914,26.951,29.750,GOOD,NORMAL
2025-07-22,16:17:26,27,80,2128,65535,1,3.9838,27.044,29.750,GOOD,NORMAL
2025-07-22,16:17:32,27,80,2144,65535,1,3.9788,27.232,29.750,GOOD,NORMAL
2025-07-22,16:17:37,27,80,2128,65535,1,3.9858,27.044,29.750,GOOD,NORMAL
2025-07-22,16:17:42,27,80,2064,65535,1,3.9712,27.138,29.750,GOOD,NORMAL
2025-07-22,16:17:48,27,81,2112,65535,1,3.9878,27.232,29.750,GOOD,NORMAL
2025-07-22,16:17:53,27,80,2128,65535,1,3.9899,26.951,29.750,GOOD,NORMAL
2025-07-22,16:17:59,27,81,2128,65535,1,3.9737,27.044,29.750,GOOD,NORMAL
2025-07-22,16:18:04,27,81,2144,65535,1,3.9798,27.044,29.750,GOOD,NORMAL
2025-07-22,16:18:09,27,81,2080,65519,1,3.9778,27.044,29.750,GOOD,NORMAL
2025-07-22,16:18:15,27,81,2080,65535,1,3.9778,26.857,29.750,GOOD,NORMAL
2025-07-22,16:18:20,27,81,2128,65535,1,3.9838,27.044,29.750,GOOD,NORMAL
2025-07-22,16:18:26,27,81,2080,65535,1,3.9818,26.951,29.750,GOOD,NORMAL
2025-07-22,16:18:31,27,81,2000,65535,1,3.9848,26.764,29.500,GOOD,NORMAL
2025-07-22,16:18:36,27,81,2016,65535,1,3.9707,26.857,29.500,GOOD,NORMAL
2025-07-22,16:18:42,27,81,2096,65535,1,3.9904,26.951,29.500,GOOD,NORMAL
2025-07-22,16:18:47,27,81,2176,65512,1,3.9823,26.951,29.500,GOOD,NORMAL
2025-07-22,16:18:52,27,81,2176,65535,1,3.9692,26.951,29.500,GOOD,NORMAL
2025-07-22,16:18:58,27,81,2144,65535,1,3.9848,27.138,29.500,GOOD,NORMAL
2025-07-22,16:19:03,27,81,2128,65506,1,3.9748,26.857,29.500,GOOD,NORMAL
2025-07-22,16:19:09,27,81,2112,65535,1,3.9843,26.951,29.500,GOOD,NORMAL
2025-07-22,16:19:14,27,81,2144,65535,1,3.9863,26.857,29.500,GOOD,NORMAL
2025-07-22,16:19:20,27,81,2144,65535,1,3.9758,26.857,29.500,GOOD,NORMAL
2025-07-22,16:19:25,27,81,2144,65535,1,3.9894,26.576,29.500,GOOD,NORMAL
2025-07-22,16:19:31,27,81,2144,65535,1,3.9773,26.951,29.500,GOOD,NORMAL
2025-07-22,16:19:36,27,81,2160,65535,1,3.9788,27.044,29.500,GOOD,NORMAL
2025-07-22,16:19:41,27,81,2080,65535,1,3.9722,26.857,29.500,GOOD,NORMAL
2025-07-22,16:19:47,27,81,2048,65535,1,3.9773,27.044,29.500,GOOD,NORMAL
2025-07-22,16:19:52,27,81,2064,65535,1,3.9833,26.764,29.500,GOOD,NORMAL
2025-07-22,16:19:58,27,81,2112,65535,1,3.9803,27.044,29.500,GOOD,NORMAL
2025-07-22,16:20:03,27,81,2128,65535,1,3.9818,26.670,29.500,GOOD,NORMAL
2025-07-22,16:20:08,27,81,2128,65515,1,3.9838,26.670,29.500,GOOD,NORMAL
2025-07-22,16:20:14,27,81,2144,65535,1,3.9833,27.044,29.500,GOOD,NORMAL
2025-07-22,16:20:19,27,81,2128,65535,1,3.9798,26.857,29.500,GOOD,NORMAL
2025-07-22,16:20:25,27,81,2144,65535,1,3.9722,26.764,29.500,GOOD,NORMAL
2025-07-22,16:20:30,27,81,2144,65535,1,3.9889,26.857,29.500,GOOD,NORMAL
2025-07-22,16:20:35,27,81,2112,65535,1,3.9758,26.764,29.500,GOOD,NORMAL
2025-07-22,16:20:41,27,81,2128,65535,1,3.9803,26.857,29.250,GOOD,NORMAL
2025-07-22,16:20:46,27,81,2128,65535,1,3.9748,26.764,29.250,GOOD,NORMAL
2025-07-22,16:20:51,27,81,2112,65535,1,3.9677,26.670,29.250,GOOD,NORMAL
2025-07-22,16:20:57,27,81,2128,65535,1,3.9758,26.951,29.250,GOOD,NORMAL
2025-07-22,16:21:02,27,81,2064,65535,1,3.9788,26.576,29.250,GOOD,NORMAL
2025-07-22,16:21:08,27,81,2112,65535,1,3.9743,26.670,29.250,GOOD,NORMAL
2025-07-22,16:21:13,27,81,2128,65535,1,3.9843,26.764,29.250,GOOD,NORMAL
2025-07-22,16:21:18,27,81,2128,65535,1,3.9768,26.764,29.250,GOOD,NORMAL
2025-07-22,16:21:24,27,81,2128,65528,1,3.9808,26.857,29.250,GOOD,NORMAL
2025-07-22,16:21:30,27,81,2112,65535,1,3.9763,26.483,29.250,GOOD,NORMAL
2025-07-22,16:21:35,27,81,2112,65535,1,3.9763,26.857,29.250,GOOD,NORMAL
2025-07-22,16:21:40,27,81,2112,65535,1,3.9662,26.764,29.250,GOOD,NORMAL
2025-07-22,16:21:46,27,81,2080,65535,1,3.9773,26.670,29.250,GOOD,NORMAL
2025-07-22,16:21:51,27,81,2080,65535,1,3.9672,26.670,29.250,GOOD,NORMAL
2025-07-22,16:21:57,27,81,2128,65525,1,3.9748,26.857,29.250,GOOD,NORMAL
2025-07-22,16:22:02,27,81,2112,65535,1,3.9692,26.764,29.250,GOOD,NORMAL
2025-07-22,16:22:07,27,81,2096,65535,1,3.9697,26.951,29.250,GOOD,NORMAL
2025-07-22,16:22:13,27,81,2128,65535,1,3.9743,26.764,29.250,GOOD,NORMAL
2025-07-22,16:22:18,27,81,2112,65535,1,3.9652,26.857,29.250,GOOD,NORMAL
2025-07-22,16:22:24,27,81,2096,65535,1,3.9753,26.764,29.250,GOOD,NORMAL
2025-07-22,16:22:29,27,81,2128,65535,1,3.9833,27.044,29.250,GOOD,NORMAL
2025-07-22,16:22:34,27,81,2128,65509,1,3.9838,26.764,29.250,GOOD,NORMAL
2025-07-22,16:22:40,27,81,2112,65535,1,3.9783,26.670,29.250,GOOD,NORMAL
2025-07-22,16:22:45,27,81,2128,65535,1,3.9748,26.857,29.250,GOOD,NORMAL
2025-07-22,16:22:51,27,81,2096,65535,1,3.9853,26.483,29.250,GOOD,NORMAL
2025-07-22,16:22:56,27,81,2112,65535,1,3.9732,26.951,29.250,GOOD,NORMAL
2025-07-22,16:23:01,27,81,2112,65535,1,3.9833,26.670,29.250,GOOD,NORMAL
2025-07-22,16:23:07,27,81,2112,65535,1,3.9748,26.764,29.250,GOOD,NORMAL
2025-07-22,16:23:12,27,81,2096,65515,1,3.9778,26.764,29.250,GOOD,NORMAL
2025-07-22,16:23:17,27,81,2112,65535,1,3.9667,26.670,29.250,GOOD,NORMAL
2025-07-22,16:23:23,27,81,2096,65535,1,3.9813,26.670,29.250,GOOD,NORMAL
2025-07-22,16:23:28,27,81,2032,65535,1,3.9697,26.951,29.250,GOOD,NORMAL
2025-07-22,16:23:34,27,81,2096,65535,1,3.9677,26.857,29.250,GOOD,NORMAL
2025-07-22,16:23:40,27,81,2112,65535,1,3.9753,26.576,29.250,GOOD,NORMAL
2025-07-22,16:23:45,27,81,2128,65535,1,3.9808,27.044,29.250,GOOD,NORMAL
2025-07-22,16:23:50,27,81,2112,65535,1,3.9793,26.764,29.250,GOOD,NORMAL
2025-07-22,16:23:56,27,81,2128,65535,1,3.9808,26.951,29.250,GOOD,NORMAL
2025-07-22,16:24:01,27,81,2112,65535,1,3.9778,27.138,29.250,GOOD,NORMAL
2025-07-22,16:24:07,27,81,2112,65535,1,3.9737,26.857,29.250,GOOD,NORMAL
2025-07-22,16:24:12,27,81,2128,65535,1,3.9737,26.764,29.250,GOOD,NORMAL
2025-07-22,16:24:17,27,81,2128,65535,1,3.9697,26.857,29.250,GOOD,NORMAL
2025-07-22,16:24:23,27,81,2112,65535,1,3.9758,26.670,29.250,GOOD,NORMAL
2025-07-22,16:24:28,27,81,2096,65535,1,3.9758,26.857,29.250,GOOD,NORMAL
2025-07-22,16:24:33,27,81,2128,65535,1,3.9722,26.951,29.250,GOOD,NORMAL
2025-07-22,16:24:39,27,81,2112,65535,1,3.9793,26.670,29.250,GOOD,NORMAL
2025-07-22,16:24:44,27,81,2096,65535,1,3.9727,26.764,29.250,GOOD,NORMAL
2025-07-22,16:24:50,27,81,2048,65535,1,3.9753,26.857,29.250,GOOD,NORMAL
2025-07-22,16:24:55,27,81,2000,65525,1,3.9586,26.483,29.000,GOOD,NORMAL
2025-07-22,16:25:00,27,81,2080,65535,1,3.9677,27.044,29.000,GOOD,NORMAL
2025-07-22,16:25:06,27,81,2064,65535,1,3.9823,26.670,29.000,GOOD,NORMAL
2025-07-22,16:25:11,27,81,2096,65535,1,3.9763,26.670,29.000,GOOD,NORMAL
2025-07-22,16:25:17,27,81,2112,65535,1,3.9763,26.951,29.000,GOOD,NORMAL
2025-07-22,16:25:22,27,81,2112,65535,1,3.9697,26.670,29.000,GOOD,NORMAL
2025-07-22,16:25:27,27,81,2128,65535,1,3.9743,26.764,29.000,GOOD,NORMAL
2025-07-22,16:25:33,27,81,2128,65535,1,3.9753,26.670,29.000,GOOD,NORMAL
2025-07-22,16:25:38,27,81,2144,65535,1,3.9813,26.670,29.000,GOOD,NORMAL
2025-07-22,16:25:44,27,81,2128,65535,1,3.9743,26.764,29.000,GOOD,NORMAL
2025-07-22,16:25:49,27,81,2112,65528,1,3.9773,26.576,29.000,GOOD,NORMAL
2025-07-22,16:25:55,27,81,2128,65535,1,3.9743,26.576,29.000,GOOD,NORMAL
2025-07-22,16:26:00,27,81,2096,65535,1,3.9748,26.951,29.000,GOOD,NORMAL
2025-07-22,16:26:06,27,81,2128,65535,1,3.9753,26.576,29.000,GOOD,NORMAL
2025-07-22,16:26:11,27,81,2128,65535,1,3.9758,26.670,29.000,GOOD,NORMAL
2025-07-22,16:26:16,27,81,2080,65535,1,3.9798,26.951,29.000,GOOD,NORMAL
2025-07-22,16:26:22,27,81,2080,65535,1,3.9717,27.044,29.000,GOOD,NORMAL
2025-07-22,16:26:27,27,81,2096,65535,1,3.9823,26.857,29.000,GOOD,NORMAL
2025-07-22,16:26:33,27,81,2112,65535,1,3.9758,26.576,29.000,GOOD,NORMAL
2025-07-22,16:26:38,27,81,2128,65535,1,3.9737,26.764,29.000,GOOD,NORMAL
2025-07-22,16:26:43,27,81,2112,65535,1,3.9793,26.670,29.000,GOOD,NORMAL
2025-07-22,16:26:49,27,81,2112,65535,1,3.9722,26.670,29.000,GOOD,NORMAL
2025-07-22,16:26:54,27,81,2080,65535,1,3.9743,26.764,29.000,GOOD,NORMAL
2025-07-22,16:27:00,27,81,2096,65535,1,3.9702,26.670,29.000,GOOD,NORMAL
2025-07-22,16:27:05,27,81,2096,65535,1,3.9768,26.764,29.000,GOOD,NORMAL
2025-07-22,16:27:10,27,81,2064,65535,1,3.9823,26.857,29.000,GOOD,NORMAL
2025-07-22,16:27:16,27,81,2096,65535,1,3.9722,26.764,29.000,GOOD,NORMAL
2025-07-22,16:27:21,27,81,2112,65535,1,3.9773,27.044,29.000,GOOD,NORMAL
2025-07-22,16:27:26,27,81,2112,65535,1,3.9682,26.857,29.000,GOOD,NORMAL
2025-07-22,16:27:32,27,81,2144,65535,1,3.9702,27.044,29.000,GOOD,NORMAL
2025-07-22,16:27:37,27,81,2064,65535,1,3.9833,26.764,29.000,GOOD,NORMAL
2025-07-22,16:27:43,27,81,2048,65487,1,3.9773,26.857,29.000,GOOD,NORMAL
2025-07-22,16:27:48,27,81,2080,65512,1,3.9758,26.576,29.000,GOOD,NORMAL
2025-07-22,16:27:54,27,81,2080,65535,1,3.9697,26.764,29.000,GOOD,NORMAL
2025-07-22,16:27:59,27,81,2112,65535,1,3.9788,26.764,29.000,GOOD,NORMAL
2025-07-22,16:28:05,27,81,2112,65535,1,3.9642,26.764,29.000,GOOD,NORMAL
2025-07-22,16:28:10,27,81,2128,65535,1,3.9682,26.857,29.000,GOOD,NORMAL
2025-07-22,16:28:16,27,81,2128,65535,1,3.9697,26.764,29.000,GOOD,NORMAL
2025-07-22,16:28:21,27,81,2112,65535,1,3.9657,26.670,29.000,GOOD,NORMAL
2025-07-22,16:28:26,27,81,2128,65535,1,3.9712,26.764,29.000,GOOD,NORMAL
2025-07-22,16:28:32,27,81,2112,65535,1,3.9717,26.576,29.000,GOOD,NORMAL
2025-07-22,16:28:37,27,81,2144,65535,1,3.9642,26.857,29.000,GOOD,NORMAL
2025-07-22,16:28:43,27,81,2112,65535,1,3.9768,26.483,29.000,GOOD,NORMAL
2025-07-22,16:28:48,27,81,2128,65535,1,3.9642,26.576,29.000,GOOD,NORMAL
2025-07-22,16:28:53,27,81,2096,65535,1,3.9697,26.857,29.000,GOOD,NORMAL
2025-07-22,16:28:59,27,81,2096,65535,1,3.9586,26.295,29.000,GOOD,NORMAL
2025-07-22,16:29:04,27,81,2128,65535,1,3.9571,26.764,29.000,GOOD,NORMAL
2025-07-22,16:29:09,27,81,2096,65535,1,3.9692,26.764,29.000,GOOD,NORMAL
2025-07-22,16:29:15,27,81,2096,65535,1,3.9758,26.483,29.000,GOOD,NORMAL
2025-07-22,16:29:20,27,81,2112,65535,1,3.9702,26.389,29.000,GOOD,NORMAL
2025-07-22,16:29:26,27,81,2096,65535,1,3.9717,26.764,29.000,GOOD,NORMAL
2025-07-22,16:29:31,27,81,2112,65535,1,3.9526,26.764,29.000,GOOD,NORMAL
2025-07-22,16:29:36,27,81,2112,65535,1,3.9637,26.576,29.000,GOOD,NORMAL
2025-07-22,16:29:42,27,81,2080,65535,1,3.9717,26.951,29.000,GOOD,NORMAL
2025-07-22,16:29:47,27,81,2096,65535,1,3.9617,26.670,29.000,GOOD,NORMAL
2025-07-22,16:29:53,27,81,2112,65535,1,3.9642,26.764,29.000,GOOD,NORMAL
2025-07-22,16:29:58,27,81,2112,65535,1,3.9667,26.389,29.000,GOOD,NORMAL
2025-07-22,16:30:04,27,81,2064,65535,1,3.9607,27.044,29.000,GOOD,NORMAL
2025-07-22,16:30:09,27,81,1984,65535,1,3.9697,26.483,29.000,GOOD,NORMAL
2025-07-22,16:30:15,27,81,2016,65535,1,3.9657,26.670,29.000,GOOD,NORMAL
2025-07-22,16:30:20,27,81,2064,65535,1,3.9773,26.764,29.000,GOOD,NORMAL
2025-07-22,16:30:26,27,81,2080,65525,1,3.9637,26.764,29.000,GOOD,NORMAL
2025-07-22,16:30:31,27,81,2112,65535,1,3.9602,26.295,29.000,GOOD,NORMAL
2025-07-22,16:30:36,27,81,2112,65535,1,3.9652,26.483,29.000,GOOD,NORMAL
2025-07-22,16:30:42,27,81,2048,65535,1,3.9712,26.951,29.000,GOOD,NORMAL
2025-07-22,16:30:47,27,81,2080,65535,1,3.9541,27.044,29.000,GOOD,NORMAL
2025-07-22,16:30:52,27,81,2112,65535,1,3.9602,26.670,29.000,GOOD,NORMAL
2025-07-22,16:30:58,27,81,2112,65535,1,3.9672,26.764,29.000,GOOD,NORMAL
2025-07-22,16:31:03,27,81,2144,65535,1,3.9642,26.576,29.000,GOOD,NORMAL
2025-07-22,16:31:09,27,81,2128,65535,1,3.9586,26.857,29.000,GOOD,NORMAL
2025-07-22,16:31:14,27,81,2112,65522,1,3.9697,26.576,29.000,GOOD,NORMAL
2025-07-22,16:31:19,27,81,2112,65535,1,3.9612,26.576,29.000,GOOD,NORMAL
2025-07-22,16:31:25,27,81,2128,65519,1,3.9581,26.670,29.000,GOOD,NORMAL
2025-07-22,16:31:30,27,81,2128,65535,1,3.9546,26.483,29.000,GOOD,NORMAL
2025-07-22,16:31:36,27,81,2144,65535,1,3.9607,26.670,29.000,GOOD,NORMAL
2025-07-22,16:31:41,27,81,2128,65535,1,3.9607,26.670,29.000,GOOD,NORMAL
2025-07-22,16:31:46,27,81,2128,65535,1,3.9602,27.138,29.000,GOOD,NORMAL
2025-07-22,16:31:52,27,81,2144,65535,1,3.9702,26.670,29.000,GOOD,NORMAL
2025-07-22,16:31:57,27,81,2144,65535,1,3.9622,26.670,29.000,GOOD,NORMAL
2025-07-22,16:32:03,27,81,2064,65525,1,3.9657,26.576,29.000,GOOD,NORMAL
2025-07-22,16:32:08,27,81,2112,65535,1,3.9546,26.764,29.000,GOOD,NORMAL
2025-07-22,16:32:14,27,81,2112,65535,1,3.9591,26.670,29.000,GOOD,NORMAL
2025-07-22,16:32:19,27,81,2128,65535,1,3.9596,26.670,29.000,GOOD,NORMAL
2025-07-22,16:32:25,27,81,2048,65535,1,3.9642,26.483,29.000,GOOD,NORMAL
2025-07-22,16:32:30,27,81,2080,65535,1,3.9622,26.576,29.000,GOOD,NORMAL
2025-07-22,16:32:36,27,81,2096,65535,1,3.9627,26.576,29.000,GOOD,NORMAL
2025-07-22,16:32:41,27,81,2096,65535,1,3.9596,26.764,29.000,GOOD,NORMAL
2025-07-22,16:32:46,27,81,2112,65531,1,3.9496,26.764,29.000,GOOD,NORMAL
2025-07-22,16:32:52,27,81,2128,65535,1,3.9556,26.670,29.000,GOOD,NORMAL
2025-07-22,16:32:57,27,81,2112,65535,1,3.9566,26.670,29.000,GOOD,NORMAL
2025-07-22,16:33:02,27,81,2128,65535,1,3.9647,26.108,29.000,GOOD,NORMAL
2025-07-22,16:33:08,27,81,2112,65515,1,3.9516,26.857,29.000,GOOD,NORMAL
2025-07-22,16:33:13,27,81,2080,65535,1,3.9516,26.483,29.000,GOOD,NORMAL
2025-07-22,16:33:19,27,81,2112,65535,1,3.9612,26.576,29.000,GOOD,NORMAL
2025-07-22,16:33:24,27,81,2112,65535,1,3.9501,26.576,29.000,GOOD,NORMAL
2025-07-22,16:33:29,27,81,2112,65535,1,3.9551,26.764,29.000,GOOD,NORMAL
2025-07-22,16:33:35,27,81,2096,65535,1,3.9526,26.670,29.000,GOOD,NORMAL
2025-07-22,16:33:40,27,81,2096,65535,1,3.9526,26.576,29.000,GOOD,NORMAL
2025-07-22,16:33:46,27,81,2112,65535,1,3.9581,26.389,29.000,GOOD,NORMAL
2025-07-22,16:33:51,27,81,2112,65535,1,3.9506,26.576,29.000,GOOD,NORMAL
2025-07-22,16:33:56,27,81,2096,65535,1,3.9405,26.483,29.000,GOOD,NORMAL
2025-07-22,16:34:02,27,81,2112,65535,1,3.9450,26.389,29.000,GOOD,NORMAL
2025-07-22,16:34:07,27,81,2096,65535,1,3.9410,26.389,29.000,GOOD,NORMAL
2025-07-22,16:34:13,27,81,2064,65528,1,3.9511,26.764,29.000,GOOD,NORMAL
2025-07-22,16:34:18,27,81,2096,65535,1,3.9309,26.951,29.000,GOOD,NORMAL
2025-07-22,16:34:24,27,81,2112,65535,1,3.9405,26.670,29.000,GOOD,NORMAL
2025-07-22,16:34:29,27,81,1952,65535,1,3.9491,26.483,29.000,GOOD,NORMAL
2025-07-22,16:34:35,27,81,2064,65528,1,3.9340,26.483,29.000,GOOD,NORMAL
2025-07-22,16:34:40,27,81,2016,65535,1,3.9410,26.483,29.000,GOOD,NORMAL
2025-07-22,16:34:46,27,81,2048,65535,1,3.9420,26.295,29.000,GOOD,NORMAL
2025-07-22,16:34:51,27,81,2080,65535,1,3.9415,26.295,29.000,GOOD,NORMAL
2025-07-22,16:34:56,27,81,2080,65512,1,3.9450,26.857,29.000,GOOD,NORMAL
2025-07-22,16:35:02,27,81,2112,65535,1,3.9299,26.483,29.000,GOOD,NORMAL
2025-07-22,16:35:07,27,81,2112,65535,1,3.9375,26.483,29.000,GOOD,NORMAL
2025-07-22,16:35:13,27,81,2112,65531,1,3.9491,26.389,29.000,GOOD,NORMAL
2025-07-22,16:35:18,27,81,2128,65535,1,3.9440,26.576,29.000,GOOD,NORMAL
2025-07-22,16:35:23,27,81,2128,65535,1,3.9481,26.295,29.000,GOOD,NORMAL
2025-07-22,16:35:29,27,81,2128,65535,1,3.9420,26.857,29.000,GOOD,NORMAL
2025-07-22,16:35:34,27,81,2096,65535,1,3.9521,26.389,29.000,GOOD,NORMAL
2025-07-22,16:35:39,27,81,2112,65535,1,3.9420,26.202,28.750,GOOD,NORMAL
2025-07-22,16:35:45,27,81,2096,65535,1,3.9370,26.670,28.750,GOOD,NORMAL
2025-07-22,16:35:50,27,81,2128,65535,1,3.9445,26.014,28.750,GOOD,NORMAL
2025-07-22,16:35:56,27,81,2128,65535,1,3.9395,26.483,28.750,GOOD,NORMAL
2025-07-22,16:36:01,27,81,2096,65535,1,3.9405,26.483,28.750,GOOD,NORMAL
2025-07-22,16:36:06,27,81,2064,65535,1,3.9486,26.202,28.750,GOOD,NORMAL
2025-07-22,16:36:12,27,81,2080,65525,1,3.9395,26.202,28.750,GOOD,NORMAL
2025-07-22,16:36:17,27,81,2096,65535,1,3.9440,26.764,28.750,GOOD,NORMAL
2025-07-22,16:36:23,27,81,2112,65525,1,3.9486,26.202,28.750,GOOD,NORMAL
2025-07-22,16:36:28,27,81,2128,65535,1,3.9309,26.389,28.750,GOOD,NORMAL
2025-07-22,16:36:34,27,81,2112,65535,1,3.9445,26.483,28.750,GOOD,NORMAL
2025-07-22,16:36:39,27,81,2144,65535,1,3.9410,26.202,28.750,GOOD,NORMAL
2025-07-22,16:36:45,27,81,2128,65535,1,3.9425,26.483,28.750,GOOD,NORMAL
2025-07-22,16:36:50,27,81,2128,65535,1,3.9284,26.202,28.750,GOOD,NORMAL
2025-07-22,16:36:56,27,81,2144,65535,1,3.9425,26.014,28.750,GOOD,NORMAL
2025-07-22,16:37:01,27,81,2128,65535,1,3.9350,26.202,28.750,GOOD,NORMAL
2025-07-22,16:37:07,27,81,2128,65535,1,3.9365,26.202,28.750,GOOD,NORMAL
2025-07-22,16:37:12,27,81,2112,65535,1,3.9264,26.202,28.750,GOOD,NORMAL
2025-07-22,16:37:17,27,81,2096,65535,1,3.9360,26.014,28.750,GOOD,NORMAL
2025-07-22,16:37:23,27,81,2096,65535,1,3.9355,26.389,28.750,GOOD,NORMAL
2025-07-22,16:37:28,27,81,2080,65535,1,3.9365,26.389,28.750,GOOD,NORMAL
2025-07-22,16:37:34,27,81,2096,65535,1,3.9289,26.389,28.750,GOOD,NORMAL
2025-07-22,16:37:39,27,81,2048,65535,1,3.9224,26.483,28.750,GOOD,NORMAL
2025-07-22,16:37:44,27,81,2080,65535,1,3.9380,26.202,28.750,GOOD,NORMAL
2025-07-22,16:37:50,27,81,2112,65535,1,3.9365,26.576,28.750,GOOD,NORMAL
2025-07-22,16:37:55,27,81,2000,65535,1,3.9299,26.108,28.750,GOOD,NORMAL
2025-07-22,16:38:01,27,81,2016,65535,1,3.9486,26.108,28.750,GOOD,NORMAL
2025-07-22,16:38:06,27,81,2064,65535,1,3.9320,26.295,28.750,GOOD,NORMAL
2025-07-22,16:38:11,26,81,1968,65535,1,3.9314,26.483,28.750,GOOD,NORMAL
2025-07-22,16:38:17,26,81,2016,65535,1,3.9365,26.389,28.750,GOOD,NORMAL
2025-07-22,16:38:22,26,81,2112,65535,1,3.9289,26.483,28.750,GOOD,NORMAL
2025-07-22,16:38:28,26,81,2128,65535,1,3.9279,26.108,28.750,GOOD,NORMAL
2025-07-22,16:38:33,26,81,2128,65535,1,3.9360,26.389,28.750,GOOD,NORMAL
2025-07-22,16:38:39,26,81,2176,65535,1,3.9390,25.827,28.750,GOOD,NORMAL
2025-07-22,16:38:45,26,81,2112,65535,1,3.9284,25.921,28.750,GOOD,NORMAL
2025-07-22,16:38:50,26,81,2096,65535,1,3.9314,26.108,28.500,GOOD,NORMAL
2025-07-22,16:38:56,26,82,2128,65535,1,3.9345,26.014,28.500,GOOD,NORMAL
2025-07-22,16:39:01,26,82,2128,65535,1,3.9289,25.827,28.500,GOOD,NORMAL
2025-07-22,16:39:06,26,81,2144,65535,1,3.9325,26.295,28.500,GOOD,NORMAL
2025-07-22,16:39:12,26,82,2128,65531,1,3.9385,26.014,28.500,GOOD,NORMAL
2025-07-22,16:39:17,26,82,2112,65535,1,3.9254,26.108,28.500,GOOD,NORMAL
2025-07-22,16:39:23,26,82,2096,65535,1,3.9209,26.014,28.500,GOOD,NORMAL
2025-07-22,16:39:28,26,82,2096,65535,1,3.9284,26.108,28.500,GOOD,NORMAL
2025-07-22,16:39:33,26,82,2144,65535,1,3.9360,25.546,28.500,GOOD,NORMAL
2025-07-22,16:39:39,26,82,2128,65535,1,3.9340,25.640,28.500,GOOD,NORMAL
2025-07-22,16:39:44,26,82,2096,65535,1,3.9279,26.202,28.500,GOOD,NORMAL
2025-07-22,16:39:50,26,82,2144,65535,1,3.9254,25.921,28.500,GOOD,NORMAL
2025-07-22,16:39:55,26,82,2128,65519,1,3.9259,26.108,28.500,GOOD,NORMAL
2025-07-22,16:40:00,26,82,2096,65535,1,3.9229,25.734,28.500,GOOD,NORMAL
2025-07-22,16:40:06,26,82,2080,65535,1,3.9314,25.640,28.500,GOOD,NORMAL
2025-07-22,16:40:11,26,82,2096,65535,1,3.9259,26.202,28.500,GOOD,NORMAL
2025-07-22,16:40:16,26,82,2144,65535,1,3.9234,25.921,28.500,GOOD,NORMAL
2025-07-22,16:40:22,26,82,2112,65535,1,3.9249,26.202,28.500,GOOD,NORMAL
2025-07-22,16:40:27,26,82,2112,65535,1,3.9168,25.921,28.500,GOOD,NORMAL
2025-07-22,16:40:33,26,82,2112,65535,1,3.9370,25.734,28.500,GOOD,NORMAL
2025-07-22,16:40:38,26,82,2160,65535,1,3.9179,25.827,28.500,GOOD,NORMAL
2025-07-22,16:40:43,26,82,2176,65535,1,3.9204,26.108,28.500,GOOD,NORMAL
2025-07-22,16:40:49,26,82,2144,65535,1,3.9163,25.921,28.500,GOOD,NORMAL
2025-07-22,16:40:55,26,82,2112,65535,1,3.9219,25.734,28.500,GOOD,NORMAL
2025-07-22,16:41:00,26,82,2128,65535,1,3.9325,25.921,28.500,GOOD,NORMAL
2025-07-22,16:41:06,26,82,2128,65535,1,3.9249,25.546,28.500,GOOD,NORMAL
2025-07-22,16:41:11,26,82,2128,65535,1,3.9234,25.546,28.500,GOOD,NORMAL
2025-07-22,16:41:17,26,82,2080,65535,1,3.9138,25.640,28.500,GOOD,NORMAL
2025-07-22,16:41:22,26,82,2048,65535,1,3.9143,25.546,28.500,GOOD,NORMAL
2025-07-22,16:41:27,26,83,2160,65535,1,3.9224,25.827,28.500,GOOD,NORMAL
2025-07-22,16:41:33,26,82,2144,65535,1,3.9103,25.827,28.500,GOOD,NORMAL
2025-07-22,16:41:38,26,83,2176,65535,1,3.9194,25.546,28.500,GOOD,NORMAL
2025-07-22,16:41:44,26,83,2192,65535,1,3.9189,25.734,28.500,GOOD,NORMAL
2025-07-22,16:41:49,26,83,2192,65535,1,3.9199,25.640,28.500,GOOD,NORMAL
2025-07-22,16:41:54,26,83,2160,65535,1,3.9209,25.827,28.500,GOOD,NORMAL
2025-07-22,16:42:00,26,83,2176,65535,1,3.9219,25.640,28.500,GOOD,NORMAL
2025-07-22,16:42:05,26,83,2144,65535,1,3.9214,25.734,28.500,GOOD,NORMAL
2025-07-22,16:42:10,26,83,2176,65535,1,3.9194,25.359,28.500,GOOD,NORMAL
2025-07-22,16:42:16,26,83,2144,65535,1,3.9123,24.985,28.500,GOOD,NORMAL
2025-07-22,16:42:21,26,82,2144,65535,1,3.9123,25.827,28.500,GOOD,NORMAL
2025-07-22,16:42:27,26,83,2144,65535,1,3.9138,25.453,28.500,GOOD,NORMAL
2025-07-22,16:42:32,26,83,2144,65535,1,3.9123,25.921,28.500,GOOD,NORMAL
2025-07-22,16:42:37,26,83,2144,65535,1,3.9158,25.734,28.500,GOOD,NORMAL
2025-07-22,16:42:43,26,83,2144,65535,1,3.9043,25.827,28.500,GOOD,NORMAL
2025-07-22,16:42:48,26,83,2128,65535,1,3.9184,25.640,28.500,GOOD,NORMAL
2025-07-22,16:42:54,26,83,2128,65535,1,3.9189,25.921,28.500,GOOD,NORMAL
2025-07-22,16:42:59,26,83,2128,65535,1,3.9118,25.734,28.500,GOOD,NORMAL
2025-07-22,16:43:05,26,83,2112,65535,1,3.9138,25.453,28.500,GOOD,NORMAL
2025-07-22,16:43:11,26,83,2128,65535,1,3.9078,25.921,28.500,GOOD,NORMAL
2025-07-22,16:43:16,26,83,2128,65535,1,3.9254,25.734,28.500,GOOD,NORMAL
2025-07-22,16:43:21,26,83,2128,65535,1,3.9108,25.359,28.500,GOOD,NORMAL
2025-07-22,16:43:27,26,83,2128,65531,1,3.9053,25.734,28.500,GOOD,NORMAL
2025-07-22,16:43:32,26,83,2128,65535,1,3.9068,25.546,28.500,GOOD,NORMAL
2025-07-22,16:43:38,26,83,2128,65535,1,3.9179,25.359,28.500,GOOD,NORMAL
2025-07-22,16:43:43,26,83,2128,65512,1,3.9173,25.734,28.500,GOOD,NORMAL
2025-07-22,16:43:48,26,83,2112,65535,1,3.9017,25.921,28.500,GOOD,NORMAL
2025-07-22,16:43:54,26,83,2112,65535,1,3.9138,25.453,28.500,GOOD,NORMAL
2025-07-22,16:43:59,26,83,2112,65535,1,3.9088,25.921,28.500,GOOD,NORMAL
2025-07-22,16:44:04,26,83,2128,65535,1,3.8987,25.453,28.500,GOOD,NORMAL
2025-07-22,16:44:10,26,83,2112,65525,1,3.9108,25.453,28.500,GOOD,NORMAL
2025-07-22,16:44:15,26,83,2112,65528,1,3.9118,25.172,28.500,GOOD,NORMAL
2025-07-22,16:44:21,26,83,2128,65535,1,3.9088,25.359,28.500,GOOD,NORMAL
2025-07-22,16:44:26,26,83,2112,65535,1,3.9148,25.359,28.500,GOOD,NORMAL
2025-07-22,16:44:31,26,83,2112,65535,1,3.9133,25.640,28.500,GOOD,NORMAL
2025-07-22,16:44:37,26,83,2112,65535,1,3.9063,25.546,28.500,GOOD,NORMAL
2025-07-22,16:44:42,26,83,2096,65535,1,3.9038,25.640,28.500,GOOD,NORMAL
2025-07-22,16:44:48,26,83,2096,65535,1,3.9138,25.453,28.500,GOOD,NORMAL
2025-07-22,16:44:53,26,83,2128,65535,1,3.9073,25.265,28.500,GOOD,NORMAL
2025-07-22,16:44:58,26,83,2128,65535,1,3.9007,25.734,28.500,GOOD,NORMAL
2025-07-22,16:45:04,26,83,2144,65535,1,3.8962,25.172,28.500,GOOD,NORMAL
2025-07-22,16:45:09,26,83,2144,65519,1,3.9017,25.546,28.500,GOOD,NORMAL
2025-07-22,16:45:15,26,83,2112,65535,1,3.9123,25.265,28.500,GOOD,NORMAL
2025-07-22,16:45:21,26,83,2128,65535,1,3.9138,26.014,28.500,GOOD,NORMAL
2025-07-22,16:45:26,26,83,2112,65535,1,3.9118,25.640,28.500,GOOD,NORMAL
2025-07-22,16:45:32,26,83,2112,65535,1,3.9053,25.078,28.500,GOOD,NORMAL
2025-07-22,16:45:37,26,83,2112,65535,1,3.9093,25.359,28.500,GOOD,NORMAL
2025-07-22,16:45:42,26,83,2128,65535,1,3.9113,25.453,28.500,GOOD,NORMAL
2025-07-22,16:45:48,26,83,2112,65535,1,3.9032,25.453,28.500,GOOD,NORMAL
2025-07-22,16:45:53,26,83,2128,65535,1,3.9088,25.546,28.500,GOOD,NORMAL
2025-07-22,16:45:59,26,83,2096,65535,1,3.9173,25.453,28.500,GOOD,NORMAL
2025-07-22,16:46:04,26,83,2128,65535,1,3.9007,25.265,28.500,GOOD,NORMAL
2025-07-22,16:46:09,26,83,2112,65535,1,3.8937,25.546,28.500,GOOD,NORMAL
2025-07-22,16:46:15,26,83,2112,65535,1,3.9002,25.265,28.500,GOOD,NORMAL
2025-07-22,16:46:20,26,83,2112,65535,1,3.9128,25.078,28.500,GOOD,NORMAL
2025-07-22,16:46:25,26,83,2096,65535,1,3.9007,25.546,28.500,GOOD,NORMAL
2025-07-22,16:46:31,26,83,2064,65535,1,3.9088,25.172,28.500,GOOD,NORMAL
2025-07-22,16:46:36,26,83,2064,65535,1,3.8881,25.172,28.500,GOOD,NORMAL
2025-07-22,16:46:42,26,83,2080,65535,1,3.9048,24.891,28.500,GOOD,NORMAL
2025-07-22,16:46:47,26,83,2096,65535,1,3.8987,25.172,28.500,GOOD,NORMAL
2025-07-22,16:46:52,26,83,2144,65535,1,3.9012,25.078,28.500,GOOD,NORMAL
2025-07-22,16:46:58,26,83,2144,65535,1,3.8917,25.265,28.500,GOOD,NORMAL
2025-07-22,16:47:03,26,83,2144,65535,1,3.9063,25.078,28.500,GOOD,NORMAL
2025-07-22,16:47:09,26,83,2144,65535,1,3.8992,25.359,28.500,GOOD,NORMAL
2025-07-22,16:47:14,26,83,2144,65528,1,3.8937,25.359,28.500,GOOD,NORMAL
2025-07-22,16:47:19,26,83,2144,65535,1,3.8997,25.359,28.250,GOOD,NORMAL
2025-07-22,16:47:26,26,83,2128,65535,1,3.8861,25.453,28.250,GOOD,NORMAL
2025-07-22,16:47:31,26,83,2096,65515,1,3.8886,25.453,28.250,GOOD,NORMAL
2025-07-22,16:47:36,26,83,2080,65506,1,3.8957,24.985,28.250,GOOD,NORMAL
2025-07-22,16:47:42,26,83,2080,65535,1,3.9032,25.265,28.250,GOOD,NORMAL
2025-07-22,16:47:47,26,83,2048,65535,1,3.8982,25.078,28.250,GOOD,NORMAL
2025-07-22,16:47:53,26,83,2048,65535,1,3.8942,25.359,28.250,GOOD,NORMAL
2025-07-22,16:47:58,26,83,2096,65535,1,3.8997,25.172,28.250,GOOD,NORMAL
2025-07-22,16:48:03,26,83,2128,65535,1,3.9017,25.359,28.250,GOOD,NORMAL
2025-07-22,16:48:09,26,84,2112,65535,1,3.8897,25.078,28.250,GOOD,NORMAL
2025-07-22,16:48:14,26,84,2160,65535,1,3.8972,24.797,28.250,GOOD,NORMAL
2025-07-22,16:48:20,25,84,2144,65535,1,3.9027,25.172,28.250,GOOD,NORMAL
2025-07-22,16:48:25,25,84,2160,65535,1,3.9002,25.172,28.250,GOOD,NORMAL
2025-07-22,16:48:30,25,84,2128,65535,1,3.8967,25.359,28.250,GOOD,NORMAL
2025-07-22,16:48:36,25,84,2144,65535,1,3.9002,25.359,28.250,GOOD,NORMAL
2025-07-22,16:48:41,25,84,2144,65535,1,3.8982,25.078,28.250,GOOD,NORMAL
2025-07-22,16:48:46,25,84,2144,65535,1,3.9063,25.359,28.250,GOOD,NORMAL
2025-07-22,16:48:52,25,84,2144,65535,1,3.8876,25.078,28.250,GOOD,NORMAL
2025-07-22,16:48:57,25,84,2128,65535,1,3.8922,25.265,28.250,GOOD,NORMAL
2025-07-22,16:49:03,25,84,2128,65493,1,3.8967,25.359,28.250,GOOD,NORMAL
2025-07-22,16:49:08,25,84,2128,65535,1,3.8987,24.610,28.250,GOOD,NORMAL
2025-07-22,16:49:13,25,84,2112,65535,1,3.8967,24.704,28.250,GOOD,NORMAL
2025-07-22,16:49:19,25,84,2112,65535,1,3.9022,25.359,28.250,GOOD,NORMAL
2025-07-22,16:49:24,25,84,2112,65535,1,3.8932,24.985,28.250,GOOD,NORMAL
2025-07-22,16:49:30,25,84,2128,65535,1,3.8927,25.265,28.250,GOOD,NORMAL
2025-07-22,16:49:36,25,84,2112,65515,1,3.8967,24.704,28.250,GOOD,NORMAL
2025-07-22,16:49:41,25,84,2128,65535,1,3.8876,25.172,28.250,GOOD,NORMAL
2025-07-22,16:49:47,25,84,2144,65535,1,3.9017,24.891,28.250,GOOD,NORMAL
2025-07-22,16:49:52,25,84,2128,65535,1,3.8947,24.891,28.250,GOOD,NORMAL
2025-07-22,16:49:58,25,84,2144,65535,1,3.8977,25.265,28.250,GOOD,NORMAL
2025-07-22,16:50:03,25,84,2128,65535,1,3.8962,24.891,28.250,GOOD,NORMAL
2025-07-22,16:50:08,25,84,2128,65535,1,3.8821,24.891,28.250,GOOD,NORMAL
2025-07-22,16:50:14,25,84,2144,65535,1,3.8771,24.985,28.250,GOOD,NORMAL
2025-07-22,16:50:19,25,84,2144,65535,1,3.8972,25.265,28.250,GOOD,NORMAL
2025-07-22,16:50:24,25,84,2112,65515,1,3.9058,25.078,28.250,GOOD,NORMAL
2025-07-22,16:50:30,25,84,2112,65535,1,3.8912,25.546,28.250,GOOD,NORMAL
2025-07-22,16:50:35,26,84,2112,65535,1,3.8876,24.985,28.000,GOOD,NORMAL
2025-07-22,16:50:41,26,84,2112,65535,1,3.8886,25.265,28.000,GOOD,NORMAL
2025-07-22,16:50:46,26,84,2128,65519,1,3.8866,25.078,28.000,GOOD,NORMAL
2025-07-22,16:50:51,26,84,2128,65535,1,3.8952,25.078,28.000,GOOD,NORMAL
2025-07-22,16:50:57,26,84,2112,65535,1,3.8871,25.359,28.000,GOOD,NORMAL
2025-07-22,16:51:02,26,84,2128,65535,1,3.8907,24.891,28.000,GOOD,NORMAL
2025-07-22,16:51:08,26,84,2128,65515,1,3.8917,25.453,28.000,GOOD,NORMAL
2025-07-22,16:51:13,26,84,2112,65535,1,3.8947,25.265,28.000,GOOD,NORMAL
2025-07-22,16:51:18,26,84,2128,65535,1,3.8922,24.891,28.000,GOOD,NORMAL
2025-07-22,16:51:24,26,84,2144,65509,1,3.8942,25.078,28.000,GOOD,NORMAL
2025-07-22,16:51:29,26,84,2112,65535,1,3.8771,24.985,28.000,GOOD,NORMAL
2025-07-22,16:51:35,26,84,2128,65535,1,3.8992,25.172,28.000,GOOD,NORMAL
2025-07-22,16:51:40,26,84,2096,65535,1,3.8927,25.078,28.000,GOOD,NORMAL
2025-07-22,16:51:46,26,84,2128,65535,1,3.8917,25.265,28.000,GOOD,NORMAL
2025-07-22,16:51:52,26,84,2112,65535,1,3.8927,25.265,28.000,GOOD,NORMAL
2025-07-22,16:51:57,26,84,2112,65535,1,3.8912,25.078,28.000,GOOD,NORMAL
2025-07-22,16:52:02,26,84,2112,65535,1,3.8932,24.891,28.000,GOOD,NORMAL
2025-07-22,16:52:08,26,84,2128,65522,1,3.8821,24.985,28.000,GOOD,NORMAL
2025-07-22,16:52:13,26,84,2128,65535,1,3.8912,24.985,28.000,GOOD,NORMAL
2025-07-22,16:52:19,26,84,2128,65528,1,3.8922,24.985,28.000,GOOD,NORMAL
2025-07-22,16:52:24,26,84,2128,65535,1,3.8846,25.172,28.000,GOOD,NORMAL
2025-07-22,16:52:29,26,84,2112,65535,1,3.8801,25.078,28.000,GOOD,NORMAL
2025-07-22,16:52:35,26,84,2128,65535,1,3.8892,25.265,28.000,GOOD,NORMAL
2025-07-22,16:52:40,26,84,2112,65535,1,3.8907,25.078,28.000,GOOD,NORMAL
2025-07-22,16:52:46,26,84,2112,65535,1,3.8826,24.891,28.000,GOOD,NORMAL
2025-07-22,16:52:51,26,84,2112,65535,1,3.8937,24.985,28.000,GOOD,NORMAL
2025-07-22,16:52:56,26,84,2112,65535,1,3.8886,24.985,28.000,GOOD,NORMAL
2025-07-22,16:53:02,26,84,2112,65535,1,3.8962,25.078,28.000,GOOD,NORMAL
2025-07-22,16:53:07,26,84,2112,65506,1,3.8932,25.172,28.000,GOOD,NORMAL
2025-07-22,16:53:12,26,84,2112,65535,1,3.8876,25.078,28.000,GOOD,NORMAL
2025-07-22,16:53:18,26,84,2112,65535,1,3.8912,24.797,28.000,GOOD,NORMAL
2025-07-22,16:53:23,26,84,2128,65535,1,3.8982,24.985,28.000,GOOD,NORMAL
2025-07-22,16:53:29,26,84,2112,65503,1,3.8922,25.172,28.000,GOOD,NORMAL
2025-07-22,16:53:34,26,84,2128,65535,1,3.8831,25.172,28.000,GOOD,NORMAL
2025-07-22,16:53:39,26,84,2128,65535,1,3.8947,24.985,28.000,GOOD,NORMAL
2025-07-22,16:53:45,26,84,2112,65535,1,3.8846,24.797,28.000,GOOD,NORMAL
2025-07-22,16:53:50,26,84,2128,65535,1,3.8937,24.985,28.000,GOOD,NORMAL
2025-07-22,16:53:57,26,84,2112,65525,1,3.8917,25.172,28.000,GOOD,NORMAL
2025-07-22,16:54:02,26,84,2112,65535,1,3.8902,25.172,28.000,GOOD,NORMAL
2025-07-22,16:54:07,26,84,2128,65535,1,3.8886,25.172,28.000,GOOD,NORMAL
2025-07-22,16:54:13,26,84,2096,65535,1,3.8871,25.078,28.000,GOOD,NORMAL
2025-07-22,16:54:18,26,84,2096,65535,1,3.8927,25.265,28.000,GOOD,NORMAL
2025-07-22,16:54:24,26,84,2096,65535,1,3.8836,24.891,28.000,GOOD,NORMAL
2025-07-22,16:54:29,26,84,2112,65535,1,3.8922,24.985,28.000,GOOD,NORMAL
2025-07-22,16:54:34,26,83,2112,65535,1,3.8977,25.172,28.000,GOOD,NORMAL
2025-07-22,16:54:40,26,83,2128,65535,1,3.8735,24.891,28.000,GOOD,NORMAL
2025-07-22,16:54:45,26,83,2112,65535,1,3.8947,25.078,28.000,GOOD,NORMAL
2025-07-22,16:54:51,26,83,2112,65535,1,3.8791,25.172,28.000,GOOD,NORMAL
2025-07-22,16:54:56,26,83,2048,65535,1,3.8740,25.078,28.000,GOOD,NORMAL
2025-07-22,16:55:01,26,83,2128,65512,1,3.8761,24.704,28.000,GOOD,NORMAL
2025-07-22,16:55:07,26,83,2096,65506,1,3.8826,24.985,28.000,GOOD,NORMAL
2025-07-22,16:55:12,26,83,2112,65535,1,3.8761,24.891,28.000,GOOD,NORMAL
2025-07-22,16:55:17,26,83,2112,65535,1,3.8776,24.891,28.000,GOOD,NORMAL
2025-07-22,16:55:23,26,83,2096,65535,1,3.8841,24.985,28.000,GOOD,NORMAL
2025-07-22,16:55:28,26,83,2128,65535,1,3.8791,25.265,28.000,GOOD,NORMAL
2025-07-22,16:55:34,26,83,2128,65535,1,3.8836,25.172,28.000,GOOD,NORMAL
2025-07-22,16:55:39,26,83,2112,65535,1,3.8781,24.985,28.000,GOOD,NORMAL
2025-07-22,16:55:44,26,83,2112,65535,1,3.8952,24.985,28.000,GOOD,NORMAL
2025-07-22,16:55:50,26,83,2096,65535,1,3.8791,25.078,28.000,GOOD,NORMAL
2025-07-22,16:55:55,26,83,2048,65535,1,3.8841,25.265,28.000,GOOD,NORMAL
2025-07-22,16:56:01,26,83,2096,65535,1,3.8826,25.359,28.000,GOOD,NORMAL
2025-07-22,16:56:07,26,83,2128,65535,1,3.8801,25.265,28.000,GOOD,NORMAL
2025-07-22,16:56:12,26,83,2112,65535,1,3.8861,24.985,28.000,GOOD,NORMAL
2025-07-22,16:56:18,26,83,2128,65535,1,3.8856,24.797,28.000,GOOD,NORMAL
2025-07-22,16:56:23,26,83,2112,65535,1,3.8725,24.985,28.000,GOOD,NORMAL
2025-07-22,16:56:29,26,83,2096,65535,1,3.8745,25.265,28.000,GOOD,NORMAL
2025-07-22,16:56:34,26,83,2112,65535,1,3.8811,25.265,28.000,GOOD,NORMAL
2025-07-22,16:56:39,26,83,2096,65535,1,3.8670,25.265,28.000,GOOD,NORMAL
2025-07-22,16:56:45,26,83,2096,65535,1,3.8700,24.797,28.000,GOOD,NORMAL
2025-07-22,16:56:50,26,83,2080,65535,1,3.8690,25.078,28.000,GOOD,NORMAL
2025-07-22,16:56:56,26,83,2128,65535,1,3.8645,24.797,28.000,GOOD,NORMAL
2025-07-22,16:57:01,26,83,2144,65535,1,3.8902,24.891,28.000,GOOD,NORMAL
2025-07-22,16:57:06,26,83,2144,65535,1,3.8771,25.078,28.000,GOOD,NORMAL
2025-07-22,16:57:12,26,83,2128,65535,1,3.8876,25.172,28.000,GOOD,NORMAL
2025-07-22,16:57:17,26,83,2128,65535,1,3.8841,24.797,28.000,GOOD,NORMAL
2025-07-22,16:57:23,26,83,2144,65535,1,3.8861,24.797,28.000,GOOD,NORMAL
2025-07-22,16:57:28,26,83,2144,65535,1,3.8846,25.078,28.000,GOOD,NORMAL
2025-07-22,16:57:33,26,83,2144,65535,1,3.8846,24.985,28.000,GOOD,NORMAL
2025-07-22,16:57:39,26,83,2144,65535,1,3.8816,24.891,28.000,GOOD,NORMAL
2025-07-22,16:57:44,26,83,2176,65535,1,3.8725,24.985,28.000,GOOD,NORMAL
2025-07-22,16:57:49,26,83,2128,65535,1,3.8690,25.265,28.000,GOOD,NORMAL
2025-07-22,16:57:55,26,83,2128,65535,1,3.8756,24.985,28.000,GOOD,NORMAL
2025-07-22,16:58:00,26,83,2144,65535,1,3.8781,25.172,28.000,GOOD,NORMAL
2025-07-22,16:58:06,26,83,2112,65512,1,3.8871,25.172,28.000,GOOD,NORMAL
2025-07-22,16:58:11,26,83,2128,65535,1,3.8856,24.891,28.000,GOOD,NORMAL
2025-07-22,16:58:18,26,83,2144,65535,1,3.8806,25.078,28.000,GOOD,NORMAL
2025-07-22,16:58:23,26,83,2128,65535,1,3.8811,24.891,28.000,GOOD,NORMAL
2025-07-22,16:58:28,26,83,2112,65535,1,3.8811,24.985,28.000,GOOD,NORMAL
2025-07-22,16:58:34,26,83,2080,65535,1,3.8816,24.610,28.000,GOOD,NORMAL
2025-07-22,16:58:39,26,83,2080,65535,1,3.8771,24.704,28.000,GOOD,NORMAL
2025-07-22,16:58:44,26,83,2080,65535,1,3.8720,25.078,28.000,GOOD,NORMAL
2025-07-22,16:58:50,26,83,2128,65535,1,3.8826,24.891,28.000,GOOD,NORMAL
2025-07-22,16:58:55,26,83,2112,65535,1,3.8650,24.797,28.000,GOOD,NORMAL
2025-07-22,16:59:01,26,83,2128,65525,1,3.8766,24.797,28.000,GOOD,NORMAL
2025-07-22,16:59:06,26,83,2144,65535,1,3.8771,25.172,28.000,GOOD,NORMAL
2025-07-22,16:59:11,26,83,2160,65535,1,3.8756,25.359,28.000,GOOD,NORMAL
2025-07-22,16:59:17,26,83,2144,65535,1,3.8695,25.172,28.000,GOOD,NORMAL
2025-07-22,16:59:22,26,83,2144,65535,1,3.8806,24.985,28.000,GOOD,NORMAL
2025-07-22,16:59:28,26,83,2144,65535,1,3.8730,24.985,28.000,GOOD,NORMAL
2025-07-22,16:59:33,26,83,2144,65535,1,3.8615,24.891,28.000,GOOD,NORMAL
2025-07-22,16:59:38,26,83,2144,65522,1,3.8761,24.704,28.000,GOOD,NORMAL
2025-07-22,16:59:44,26,83,2128,65528,1,3.8705,25.265,28.000,GOOD,NORMAL
2025-07-22,16:59:49,26,83,2144,65535,1,3.8861,24.704,28.000,GOOD,NORMAL
2025-07-22,16:59:55,26,83,2128,65535,1,3.8781,25.078,28.000,GOOD,NORMAL
2025-07-22,17:00:00,26,83,2144,65522,1,3.8690,25.265,28.000,GOOD,NORMAL
2025-07-22,17:00:05,26,83,2128,65535,1,3.8735,24.985,28.000,GOOD,NORMAL
2025-07-22,17:00:11,26,83,2128,65535,1,3.8766,25.078,28.000,GOOD,NORMAL
2025-07-22,17:00:16,26,83,2144,65535,1,3.8786,24.610,28.000,GOOD,NORMAL
2025-07-22,17:00:21,26,83,2128,65535,1,3.8826,24.797,28.000,GOOD,NORMAL
2025-07-22,17:00:28,26,83,2128,65535,1,3.8866,24.891,28.000,GOOD,NORMAL
2025-07-22,17:00:33,26,83,2112,65535,1,3.8761,25.078,28.000,GOOD,NORMAL
2025-07-22,17:00:39,26,83,2096,65535,1,3.8645,25.546,28.000,GOOD,NORMAL
2025-07-22,17:00:44,26,83,2112,65535,1,3.8776,24.891,28.000,GOOD,NORMAL
2025-07-22,17:00:50,26,83,2128,65535,1,3.8771,25.172,28.000,GOOD,NORMAL
2025-07-22,17:00:55,26,83,2096,65535,1,3.8715,25.078,28.000,GOOD,NORMAL
2025-07-22,17:01:00,26,83,2128,65531,1,3.8725,25.265,28.000,GOOD,NORMAL
2025-07-22,17:01:06,26,83,2128,65535,1,3.8670,25.546,28.000,GOOD,NORMAL
2025-07-22,17:01:11,26,83,2144,65535,1,3.8604,25.172,28.000,GOOD,NORMAL
2025-07-22,17:01:17,26,83,2144,65515,1,3.8589,25.265,28.000,GOOD,NORMAL
2025-07-22,17:01:22,26,83,2144,65535,1,3.8564,25.172,28.000,GOOD,NORMAL
2025-07-22,17:01:27,26,83,2176,65535,1,3.8710,25.078,28.000,GOOD,NORMAL
2025-07-22,17:01:33,26,83,2112,65535,1,3.8735,24.985,28.000,GOOD,NORMAL
2025-07-22,17:01:38,26,83,2112,65535,1,3.8756,25.359,28.000,GOOD,NORMAL
2025-07-22,17:01:43,26,83,2016,65535,1,3.8695,24.797,28.000,GOOD,NORMAL
2025-07-22,17:01:49,26,83,2128,65535,1,3.8635,25.359,28.000,GOOD,NORMAL
2025-07-22,17:01:54,26,83,2144,65535,1,3.8735,24.610,28.000,GOOD,NORMAL
2025-07-22,17:02:00,26,83,2128,65535,1,3.8700,25.265,28.000,GOOD,NORMAL
2025-07-22,17:02:05,26,83,2144,65535,1,3.8740,24.985,28.000,GOOD,NORMAL
2025-07-22,17:02:10,26,83,2080,65535,1,3.8730,25.172,28.000,GOOD,NORMAL
2025-07-22,17:02:16,26,83,2096,65535,1,3.8554,24.985,28.000,GOOD,NORMAL
2025-07-22,17:02:21,26,83,2144,65535,1,3.8660,25.078,28.000,GOOD,NORMAL
2025-07-22,17:02:27,26,83,2160,65535,1,3.8725,24.985,28.000,GOOD,NORMAL
2025-07-22,17:02:32,26,83,2144,65535,1,3.8625,24.985,28.000,GOOD,NORMAL
2025-07-22,17:02:39,26,83,2144,65535,1,3.8740,25.078,28.000,GOOD,NORMAL
2025-07-22,17:02:44,26,83,2176,65535,1,3.8680,25.359,28.000,GOOD,NORMAL
2025-07-22,17:02:49,26,83,2176,65535,1,3.8650,25.359,28.000,GOOD,NORMAL
2025-07-22,17:02:55,26,83,2144,65535,1,3.8735,25.640,28.000,GOOD,NORMAL
2025-07-22,17:03:00,26,83,2144,65535,1,3.8685,25.078,28.000,GOOD,NORMAL
2025-07-22,17:03:05,26,83,2144,65535,1,3.8650,25.078,28.000,GOOD,NORMAL
2025-07-22,17:03:11,26,83,2144,65535,1,3.8680,25.172,28.000,GOOD,NORMAL
2025-07-22,17:03:16,26,83,2128,65535,1,3.8695,25.453,28.000,GOOD,NORMAL
2025-07-22,17:03:22,26,83,2144,65535,1,3.8640,25.359,28.000,GOOD,NORMAL
2025-07-22,17:03:27,26,83,2128,65535,1,3.8705,25.078,28.000,GOOD,NORMAL
2025-07-22,17:03:32,26,83,2128,65535,1,3.8740,25.078,28.000,GOOD,NORMAL
2025-07-22,17:03:38,26,83,2144,65535,1,3.8831,25.359,28.000,GOOD,NORMAL
2025-07-22,17:03:43,26,83,2144,65535,1,3.8861,25.172,28.000,GOOD,NORMAL
2025-07-22,17:03:49,26,83,2144,65535,1,3.8751,24.985,28.000,GOOD,NORMAL
2025-07-22,17:03:54,26,83,2128,65535,1,3.8665,25.078,28.000,GOOD,NORMAL
2025-07-22,17:03:59,26,83,2128,65535,1,3.8660,24.985,28.000,GOOD,NORMAL
2025-07-22,17:04:05,26,83,2144,65528,1,3.8786,25.546,28.000,GOOD,NORMAL
2025-07-22,17:04:10,26,83,2128,65535,1,3.8715,24.797,28.000,GOOD,NORMAL
2025-07-22,17:04:16,26,83,2112,65535,1,3.8791,24.891,28.000,GOOD,NORMAL
2025-07-22,17:04:21,26,83,2144,65535,1,3.8705,24.985,28.000,GOOD,NORMAL
2025-07-22,17:04:26,26,82,2128,65535,1,3.8816,25.078,28.000,GOOD,NORMAL
2025-07-22,17:04:32,26,83,2128,65535,1,3.8776,24.985,28.000,GOOD,NORMAL
2025-07-22,17:04:37,26,82,2096,65535,1,3.8640,25.172,28.000,GOOD,NORMAL
2025-07-22,17:04:42,26,82,2112,65535,1,3.8771,25.546,28.000,GOOD,NORMAL
2025-07-22,17:04:49,26,82,2144,65535,1,3.8564,24.985,28.000,GOOD,NORMAL
2025-07-22,17:04:54,26,83,2144,65535,1,3.8766,24.891,28.000,GOOD,NORMAL
2025-07-22,17:05:00,26,83,2160,65535,1,3.8685,25.078,28.000,GOOD,NORMAL
2025-07-22,17:05:05,26,83,2176,65535,1,3.8685,24.985,28.000,GOOD,NORMAL
2025-07-22,17:05:11,26,83,2144,65535,1,3.8730,25.453,28.000,GOOD,NORMAL
2025-07-22,17:05:16,26,83,2144,65535,1,3.8599,25.078,28.000,GOOD,NORMAL
2025-07-22,17:05:21,26,83,2176,65512,1,3.8620,25.453,28.000,GOOD,NORMAL
2025-07-22,17:05:27,26,83,2144,65535,1,3.8705,25.265,28.000,GOOD,NORMAL
2025-07-22,17:05:32,26,83,2144,65535,1,3.8630,25.265,28.000,GOOD,NORMAL
2025-07-22,17:05:38,26,83,2176,65535,1,3.8735,25.172,28.000,GOOD,NORMAL
2025-07-22,17:05:43,26,83,2144,65535,1,3.8620,24.985,28.000,GOOD,NORMAL
2025-07-22,17:05:48,26,83,2128,65535,1,3.8630,25.078,28.000,GOOD,NORMAL
2025-07-22,17:05:54,26,83,2128,65535,1,3.8680,24.985,28.000,GOOD,NORMAL
2025-07-22,17:05:59,26,83,2144,65535,1,3.8745,25.172,28.000,GOOD,NORMAL
2025-07-22,17:06:05,26,83,2144,65535,1,3.8730,25.265,28.000,GOOD,NORMAL
2025-07-22,17:06:10,26,83,2128,65535,1,3.8685,25.078,28.000,GOOD,NORMAL
2025-07-22,17:06:15,26,82,2144,65535,1,3.8710,25.078,28.000,GOOD,NORMAL
2025-07-22,17:06:21,26,83,2064,65535,1,3.8645,25.078,28.000,GOOD,NORMAL
2025-07-22,17:06:26,26,83,2128,65535,1,3.8645,25.453,28.000,GOOD,NORMAL
2025-07-22,17:06:32,26,82,2144,65535,1,3.8625,24.985,28.000,GOOD,NORMAL
2025-07-22,17:06:37,26,83,2144,65535,1,3.8735,25.172,28.000,GOOD,NORMAL
2025-07-22,17:06:43,26,83,2144,65535,1,3.8710,25.265,28.000,GOOD,NORMAL
2025-07-22,17:06:48,26,83,2128,65535,1,3.8715,24.797,28.000,GOOD,NORMAL
2025-07-22,17:06:54,26,83,2128,65535,1,3.8574,25.078,28.000,GOOD,NORMAL
2025-07-22,17:07:01,26,83,2128,65522,1,3.8761,25.359,28.000,GOOD,NORMAL
2025-07-22,17:07:06,26,83,2128,65535,1,3.8690,24.985,28.000,GOOD,NORMAL
2025-07-22,17:07:12,26,83,2112,65535,1,3.8589,25.078,28.000,GOOD,NORMAL
2025-07-22,17:07:17,26,83,2144,65535,1,3.8625,25.172,28.000,GOOD,NORMAL
2025-07-22,17:07:23,26,83,2112,65535,1,3.8494,25.453,28.000,GOOD,NORMAL
2025-07-22,17:07:28,26,83,2144,65535,1,3.8559,25.453,28.000,GOOD,NORMAL
2025-07-22,17:07:33,26,83,2128,65535,1,3.8695,25.546,28.000,GOOD,NORMAL
2025-07-22,17:07:39,26,83,2128,65535,1,3.8650,25.265,28.000,GOOD,NORMAL
2025-07-22,17:07:44,26,82,2128,65535,1,3.8539,25.546,28.000,GOOD,NORMAL
2025-07-22,17:07:50,26,82,2112,65535,1,3.8584,25.172,28.000,GOOD,NORMAL
2025-07-22,17:07:55,26,82,2112,65535,1,3.8564,25.265,28.000,GOOD,NORMAL
2025-07-22,17:08:01,26,82,2112,65535,1,3.8569,25.453,28.000,GOOD,NORMAL
2025-07-22,17:08:07,26,82,2128,65535,1,3.8625,25.734,28.000,GOOD,NORMAL
2025-07-22,17:08:12,26,82,2096,65535,1,3.8499,25.078,28.000,GOOD,NORMAL
2025-07-22,17:08:17,26,82,2128,65535,1,3.8635,25.265,28.000,GOOD,NORMAL
2025-07-22,17:08:23,26,82,2144,65535,1,3.8494,25.453,28.000,GOOD,NORMAL
2025-07-22,17:08:28,26,82,2144,65499,1,3.8615,25.172,28.000,GOOD,NORMAL
2025-07-22,17:08:34,26,82,2176,65535,1,3.8610,25.078,28.000,GOOD,NORMAL
2025-07-22,17:08:39,26,82,2176,65535,1,3.8680,25.453,28.000,GOOD,NORMAL
2025-07-22,17:08:45,26,82,2160,65535,1,3.8453,25.359,28.000,GOOD,NORMAL
2025-07-22,17:08:50,26,82,2160,65535,1,3.8534,25.078,28.000,GOOD,NORMAL
2025-07-22,17:08:55,26,82,2176,65535,1,3.8670,25.078,28.000,GOOD,NORMAL
2025-07-22,17:09:01,26,82,2144,65535,1,3.8670,25.359,28.000,GOOD,NORMAL
2025-07-22,17:09:06,26,82,2112,65535,1,3.8635,25.359,28.000,GOOD,NORMAL
2025-07-22,17:09:13,26,82,2128,65535,1,3.8680,25.453,28.000,GOOD,NORMAL
2025-07-22,17:09:18,26,82,2080,65535,1,3.8599,25.359,28.000,GOOD,NORMAL
2025-07-22,17:09:24,26,82,2112,65535,1,3.8604,24.985,28.000,GOOD,NORMAL
2025-07-22,17:09:29,26,82,2112,65535,1,3.8529,25.265,28.000,GOOD,NORMAL
2025-07-22,17:09:34,26,82,2128,65535,1,3.8610,25.734,28.000,GOOD,NORMAL
2025-07-22,17:09:40,26,82,2144,65535,1,3.8589,25.265,28.000,GOOD,NORMAL
2025-07-22,17:09:45,26,82,2128,65535,1,3.8660,25.453,28.000,GOOD,NORMAL
2025-07-22,17:09:50,26,82,2176,65535,1,3.8529,25.359,28.000,GOOD,NORMAL
2025-07-22,17:09:56,26,82,2176,65535,1,3.8494,25.265,28.000,GOOD,NORMAL
2025-07-22,17:10:01,26,82,2144,65535,1,3.8579,25.359,28.000,GOOD,NORMAL
2025-07-22,17:10:07,26,82,2128,65535,1,3.8549,25.453,28.000,GOOD,NORMAL
2025-07-22,17:10:12,26,82,2128,65535,1,3.8559,25.640,28.000,GOOD,NORMAL
2025-07-22,17:10:17,26,82,2080,65535,1,3.8534,25.359,28.000,GOOD,NORMAL
2025-07-22,17:10:23,26,82,2128,65535,1,3.8584,25.172,28.000,GOOD,NORMAL
2025-07-22,17:10:28,26,82,2128,65535,1,3.8524,25.265,28.000,GOOD,NORMAL
2025-07-22,17:10:34,26,82,2112,65535,1,3.8428,24.891,28.000,GOOD,NORMAL
2025-07-22,17:10:39,26,82,2128,65535,1,3.8509,25.453,28.000,GOOD,NORMAL
2025-07-22,17:10:44,26,82,2144,65535,1,3.8549,25.078,28.000,GOOD,NORMAL
2025-07-22,17:10:50,26,82,2144,65535,1,3.8448,25.359,28.000,GOOD,NORMAL
2025-07-22,17:10:55,26,82,2144,65535,1,3.8458,25.546,28.000,GOOD,NORMAL
2025-07-22,17:11:01,26,82,2144,65535,1,3.8368,25.265,28.000,GOOD,NORMAL
2025-07-22,17:11:06,26,82,2144,65535,1,3.8474,25.172,28.000,GOOD,NORMAL
2025-07-22,17:11:11,26,82,2160,65535,1,3.8549,25.265,28.000,GOOD,NORMAL
2025-07-22,17:11:17,26,82,2176,65535,1,3.8413,24.985,28.000,GOOD,NORMAL
2025-07-22,17:11:23,26,82,2176,65535,1,3.8474,25.172,28.000,GOOD,NORMAL
2025-07-22,17:11:29,26,83,2176,65535,1,3.8474,25.453,28.000,GOOD,NORMAL
2025-07-22,17:11:34,26,83,2176,65535,1,3.8428,25.172,28.000,GOOD,NORMAL
2025-07-22,17:11:40,26,83,2176,65535,1,3.8368,25.359,28.000,GOOD,NORMAL
2025-07-22,17:11:45,26,83,2144,65506,1,3.8463,25.359,28.000,GOOD,NORMAL
2025-07-22,17:11:50,26,83,2176,65535,1,3.8433,25.453,28.000,GOOD,NORMAL
2025-07-22,17:11:56,26,83,2176,65535,1,3.8463,25.453,28.000,GOOD,NORMAL
2025-07-22,17:12:01,26,83,2176,65535,1,3.8474,25.172,28.000,GOOD,NORMAL
2025-07-22,17:12:07,26,83,2192,65535,1,3.8428,25.265,28.000,GOOD,NORMAL
2025-07-22,17:12:12,26,83,2176,65535,1,3.8388,25.546,28.000,GOOD,NORMAL
2025-07-22,17:12:17,26,83,2160,65535,1,3.8463,25.265,28.000,GOOD,NORMAL
2025-07-22,17:12:23,26,83,2144,65535,1,3.8484,25.453,28.000,GOOD,NORMAL
2025-07-22,17:12:28,26,83,2128,65535,1,3.8428,25.546,28.000,GOOD,NORMAL
2025-07-22,17:12:33,26,83,2112,65535,1,3.8514,25.546,28.000,GOOD,NORMAL
2025-07-22,17:12:39,26,83,2144,65535,1,3.8368,25.453,28.000,GOOD,NORMAL
2025-07-22,17:12:44,26,83,2128,65535,1,3.8453,25.453,28.000,GOOD,NORMAL
2025-07-22,17:12:50,26,83,2112,65535,1,3.8458,25.453,28.000,GOOD,NORMAL
2025-07-22,17:12:55,26,83,2144,65515,1,3.8358,25.359,28.000,GOOD,NORMAL
2025-07-22,17:13:00,26,83,2096,65515,1,3.8388,25.453,28.000,GOOD,NORMAL
2025-07-22,17:13:06,26,83,2064,65535,1,3.8338,25.546,28.000,GOOD,NORMAL
2025-07-22,17:13:11,26,83,2128,65535,1,3.8469,25.359,28.000,GOOD,NORMAL
2025-07-22,17:13:17,26,83,2096,65535,1,3.8398,25.453,28.000,GOOD,NORMAL
2025-07-22,17:13:22,26,83,2096,65535,1,3.8509,25.078,28.000,GOOD,NORMAL
2025-07-22,17:13:27,26,83,2128,65535,1,3.8373,25.546,28.000,GOOD,NORMAL
2025-07-22,17:13:34,26,83,2144,65535,1,3.8433,25.359,28.000,GOOD,NORMAL
2025-07-22,17:13:39,26,83,2176,65535,1,3.8398,25.265,28.000,GOOD,NORMAL
2025-07-22,17:13:45,26,83,2176,65535,1,3.8489,25.546,28.000,GOOD,NORMAL
2025-07-22,17:13:50,26,83,2192,65535,1,3.8539,25.546,28.000,GOOD,NORMAL
2025-07-22,17:13:56,26,83,2192,65535,1,3.8463,25.546,28.000,GOOD,NORMAL
2025-07-22,17:14:01,26,83,2176,65535,1,3.8484,25.359,28.000,GOOD,NORMAL
2025-07-22,17:14:06,26,83,2176,65535,1,3.8448,25.546,28.000,GOOD,NORMAL
2025-07-22,17:14:12,26,83,2144,65535,1,3.8328,25.546,28.000,GOOD,NORMAL
2025-07-22,17:14:17,26,83,2176,65519,1,3.8403,25.546,28.000,GOOD,NORMAL
2025-07-22,17:14:23,26,83,2160,65503,1,3.8317,25.640,28.000,GOOD,NORMAL
2025-07-22,17:14:28,26,83,2176,65535,1,3.8322,25.453,28.000,GOOD,NORMAL
2025-07-22,17:14:33,26,83,2176,65535,1,3.8428,25.546,28.000,GOOD,NORMAL
2025-07-22,17:14:39,26,83,2176,65535,1,3.8343,25.453,28.000,GOOD,NORMAL
2025-07-22,17:14:44,26,83,2144,65535,1,3.8358,25.078,28.000,GOOD,NORMAL
2025-07-22,17:14:50,26,83,2128,65535,1,3.8383,25.359,28.000,GOOD,NORMAL
2025-07-22,17:14:55,26,83,2176,65535,1,3.8307,24.985,28.000,GOOD,NORMAL
2025-07-22,17:15:00,26,83,2176,65535,1,3.8408,25.265,28.000,GOOD,NORMAL
2025-07-22,17:15:06,26,83,2176,65535,1,3.8413,25.172,28.000,GOOD,NORMAL
2025-07-22,17:15:11,26,83,2176,65535,1,3.8348,25.453,28.000,GOOD,NORMAL
2025-07-22,17:15:16,26,83,2176,65535,1,3.8343,25.172,28.000,GOOD,NORMAL
2025-07-22,17:15:22,26,83,2176,65535,1,3.8413,25.172,28.000,GOOD,NORMAL
2025-07-22,17:15:27,26,83,2160,65535,1,3.8363,25.453,28.000,GOOD,NORMAL
2025-07-22,17:15:33,26,83,2064,65535,1,3.8408,25.734,28.000,GOOD,NORMAL
2025-07-22,17:15:38,26,83,2048,65535,1,3.8428,25.546,28.000,GOOD,NORMAL
2025-07-22,17:15:45,26,83,2000,65535,1,3.8348,25.265,28.000,GOOD,NORMAL
2025-07-22,17:15:50,26,83,2048,65535,1,3.8323,25.172,28.000,GOOD,NORMAL
2025-07-22,17:15:56,26,83,2096,65512,1,3.8373,25.453,28.000,GOOD,NORMAL
2025-07-22,17:16:01,26,83,2144,65535,1,3.8388,25.359,28.000,GOOD,NORMAL
2025-07-22,17:16:06,26,83,2176,65535,1,3.8368,25.734,28.000,GOOD,NORMAL
2025-07-22,17:16:12,26,83,2192,65535,1,3.8353,25.359,28.000,GOOD,NORMAL
2025-07-22,17:16:17,26,83,2192,65535,1,3.8458,25.734,28.000,GOOD,NORMAL
2025-07-22,17:16:23,26,83,2176,65535,1,3.8333,25.546,28.000,GOOD,NORMAL
2025-07-22,17:16:28,26,83,2144,65535,1,3.8383,25.265,28.000,GOOD,NORMAL
2025-07-22,17:16:33,26,83,2112,65499,1,3.8312,25.640,28.000,GOOD,NORMAL
2025-07-22,17:16:39,25,83,2144,65535,1,3.8287,24.891,28.000,GOOD,NORMAL
2025-07-22,17:16:44,25,83,2176,65515,1,3.8328,25.265,28.000,GOOD,NORMAL
2025-07-22,17:16:50,25,83,2176,65535,1,3.8237,25.265,28.000,GOOD,NORMAL
2025-07-22,17:16:55,25,83,2176,65535,1,3.8272,25.172,28.000,GOOD,NORMAL
2025-07-22,17:17:00,25,83,2176,65535,1,3.8292,24.985,28.000,GOOD,NORMAL
2025-07-22,17:17:06,25,83,2192,65535,1,3.8378,24.985,28.000,GOOD,NORMAL
2025-07-22,17:17:11,25,83,2176,65535,1,3.8383,25.734,28.000,GOOD,NORMAL
2025-07-22,17:17:16,25,83,2176,65535,1,3.8297,25.078,28.000,GOOD,NORMAL
2025-07-22,17:17:22,25,83,2160,65535,1,3.8413,25.359,28.000,GOOD,NORMAL
2025-07-22,17:17:27,25,83,2176,65487,1,3.8267,25.265,28.000,GOOD,NORMAL
2025-07-22,17:17:33,25,83,2160,65535,1,3.8267,25.546,28.000,GOOD,NORMAL
2025-07-22,17:17:38,25,83,2176,65535,1,3.8348,24.891,28.000,GOOD,NORMAL
2025-07-22,17:17:43,25,83,2128,65535,1,3.8348,25.453,28.000,GOOD,NORMAL
2025-07-22,17:17:49,25,83,2096,65535,1,3.8187,24.891,28.000,GOOD,NORMAL
2025-07-22,17:17:56,25,84,2096,65535,1,3.8463,25.172,28.000,GOOD,NORMAL
2025-07-22,17:18:01,25,83,2128,65535,1,3.8232,25.078,28.000,GOOD,NORMAL
2025-07-22,17:18:06,25,84,2144,65522,1,3.8262,25.172,28.000,GOOD,NORMAL
2025-07-22,17:18:12,25,84,2192,65535,1,3.8272,25.453,28.000,GOOD,NORMAL
2025-07-22,17:18:17,25,84,2192,65535,1,3.8267,24.985,27.750,GOOD,NORMAL
2025-07-22,17:18:23,25,84,2144,65535,1,3.8282,24.891,27.750,GOOD,NORMAL
2025-07-22,17:18:28,25,84,2160,65535,1,3.8247,25.265,27.750,GOOD,NORMAL
2025-07-22,17:18:33,25,84,2144,65535,1,3.8292,24.891,27.750,GOOD,NORMAL
2025-07-22,17:18:39,25,84,2144,65535,1,3.8358,24.704,27.750,GOOD,NORMAL
2025-07-22,17:18:44,25,84,2144,65535,1,3.8358,25.640,27.750,GOOD,NORMAL
2025-07-22,17:18:50,25,84,2176,65535,1,3.8257,25.359,27.750,GOOD,NORMAL
2025-07-22,17:18:55,25,84,2176,65535,1,3.8317,25.359,27.750,GOOD,NORMAL
2025-07-22,17:19:00,25,84,2176,65496,1,3.8247,25.172,27.750,GOOD,NORMAL
2025-07-22,17:19:06,25,84,2192,65535,1,3.8232,24.891,27.750,GOOD,NORMAL
2025-07-22,17:19:11,25,84,2176,65535,1,3.8222,24.891,27.750,GOOD,NORMAL
2025-07-22,17:19:17,25,84,2176,65535,1,3.8197,25.078,27.750,GOOD,NORMAL
2025-07-22,17:19:22,25,84,2144,65535,1,3.8338,24.797,27.750,GOOD,NORMAL
2025-07-22,17:19:27,25,84,2144,65535,1,3.8222,24.891,27.750,GOOD,NORMAL
2025-07-22,17:19:33,25,84,2176,65535,1,3.8307,25.172,27.750,GOOD,NORMAL
2025-07-22,17:19:38,25,84,2176,65535,1,3.8237,25.078,27.750,GOOD,NORMAL
2025-07-22,17:19:43,25,84,2160,65535,1,3.8292,25.359,27.750,GOOD,NORMAL
2025-07-22,17:19:49,25,84,2176,65535,1,3.8257,25.172,27.750,GOOD,NORMAL
2025-07-22,17:19:54,25,84,2128,65535,1,3.8227,25.078,27.750,GOOD,NORMAL
2025-07-22,17:20:00,25,84,2144,65535,1,3.8363,25.453,27.750,GOOD,NORMAL
2025-07-22,17:20:07,25,84,2128,65522,1,3.8161,24.985,27.750,GOOD,NORMAL
2025-07-22,17:20:12,25,84,2128,65535,1,3.8247,24.891,27.750,GOOD,NORMAL
2025-07-22,17:20:17,25,84,2128,65535,1,3.8212,24.985,27.750,GOOD,NORMAL
2025-07-22,17:20:23,25,84,2144,65535,1,3.8212,25.359,27.750,GOOD,NORMAL
2025-07-22,17:20:28,25,84,2144,65535,1,3.8257,25.172,27.750,GOOD,NORMAL
2025-07-22,17:20:33,25,84,2176,65535,1,3.8156,25.172,27.750,GOOD,NORMAL
2025-07-22,17:20:39,25,84,2160,65535,1,3.8212,25.172,27.750,GOOD,NORMAL
2025-07-22,17:20:44,25,84,2176,65535,1,3.8292,24.704,27.750,GOOD,NORMAL
2025-07-22,17:20:50,25,84,2176,65535,1,3.8182,24.985,27.750,GOOD,NORMAL
2025-07-22,17:20:55,25,84,2176,65535,1,3.8131,24.891,27.750,GOOD,NORMAL
2025-07-22,17:21:00,25,84,2160,65535,1,3.8156,24.985,27.750,GOOD,NORMAL
2025-07-22,17:21:06,25,84,2176,65535,1,3.8222,25.078,27.750,GOOD,NORMAL
2025-07-22,17:21:11,25,84,2144,65535,1,3.8242,24.797,27.750,GOOD,NORMAL
2025-07-22,17:21:17,25,84,2128,65535,1,3.8171,25.078,27.750,GOOD,NORMAL
2025-07-22,17:21:22,25,84,2160,65535,1,3.8197,25.078,27.750,GOOD,NORMAL
2025-07-22,17:21:27,25,84,2144,65535,1,3.8262,25.265,27.750,GOOD,NORMAL
2025-07-22,17:21:33,25,84,2144,65535,1,3.8126,25.453,27.750,GOOD,NORMAL
2025-07-22,17:21:38,25,84,2176,65535,1,3.8161,24.985,27.750,GOOD,NORMAL
2025-07-22,17:21:44,25,84,2192,65535,1,3.8232,25.078,27.750,GOOD,NORMAL
2025-07-22,17:21:49,25,84,2176,65535,1,3.8111,25.078,27.750,GOOD,NORMAL
2025-07-22,17:21:54,25,84,2144,65535,1,3.8242,24.985,27.750,GOOD,NORMAL
2025-07-22,17:22:00,25,84,2176,65535,1,3.8136,24.797,27.750,GOOD,NORMAL
2025-07-22,17:22:05,25,84,2144,65535,1,3.8227,25.359,27.750,GOOD,NORMAL
2025-07-22,17:22:10,25,84,2128,65487,1,3.8086,24.985,27.750,GOOD,NORMAL
2025-07-22,17:22:17,25,84,2144,65535,1,3.8202,25.172,27.750,GOOD,NORMAL
2025-07-22,17:22:23,25,84,2176,65535,1,3.8242,25.172,27.750,GOOD,NORMAL
2025-07-22,17:22:28,25,84,2144,65535,1,3.8131,25.265,27.750,GOOD,NORMAL
2025-07-22,17:22:34,25,84,2160,65535,1,3.8166,25.172,27.500,GOOD,NORMAL
2025-07-22,17:22:39,25,84,2128,65535,1,3.8252,25.265,27.500,GOOD,NORMAL
2025-07-22,17:22:44,25,84,2128,65535,1,3.8182,25.172,27.500,GOOD,NORMAL
2025-07-22,17:22:50,25,84,2128,65535,1,3.8106,24.797,27.500,GOOD,NORMAL
2025-07-22,17:22:55,25,84,2144,65535,1,3.8212,25.078,27.500,GOOD,NORMAL
2025-07-22,17:23:01,25,84,2112,65535,1,3.8212,25.172,27.500,GOOD,NORMAL
2025-07-22,17:23:06,25,84,2096,65535,1,3.8131,25.078,27.500,GOOD,NORMAL
2025-07-22,17:23:11,25,84,2112,65535,1,3.8096,24.891,27.500,GOOD,NORMAL
2025-07-22,17:23:17,25,84,2128,65535,1,3.8121,25.078,27.500,GOOD,NORMAL
2025-07-22,17:23:22,25,84,2176,65535,1,3.8136,24.797,27.500,GOOD,NORMAL
2025-07-22,17:23:27,25,85,2144,65535,1,3.8232,24.985,27.500,GOOD,NORMAL
2025-07-22,17:23:33,25,85,2176,65535,1,3.8136,24.985,27.500,GOOD,NORMAL
2025-07-22,17:23:38,25,85,2192,65535,1,3.8101,24.985,27.500,GOOD,NORMAL
2025-07-22,17:23:44,25,85,2176,65535,1,3.8156,24.891,27.500,GOOD,NORMAL
2025-07-22,17:23:49,25,85,2192,65535,1,3.8151,24.610,27.500,GOOD,NORMAL
2025-07-22,17:23:54,25,85,2176,65535,1,3.8182,24.891,27.500,GOOD,NORMAL
2025-07-22,17:24:00,25,85,2144,65535,1,3.8116,24.985,27.500,GOOD,NORMAL
2025-07-22,17:24:05,25,85,2176,65535,1,3.8035,25.078,27.500,GOOD,NORMAL
2025-07-22,17:24:11,25,85,2176,65535,1,3.8161,24.891,27.500,GOOD,NORMAL
2025-07-22,17:24:16,25,85,2176,65531,1,3.8091,24.797,27.500,GOOD,NORMAL
2025-07-22,17:24:21,25,85,2176,65535,1,3.8171,24.891,27.500,GOOD,NORMAL
2025-07-22,17:24:28,25,85,2176,65535,1,3.8176,24.610,27.500,GOOD,NORMAL
2025-07-22,17:24:34,25,85,2176,65535,1,3.8156,24.985,27.500,GOOD,NORMAL
2025-07-22,17:24:39,25,85,2176,65535,1,3.8071,24.797,27.500,GOOD,NORMAL
2025-07-22,17:24:44,25,85,2176,65528,1,3.8101,25.172,27.500,GOOD,NORMAL
2025-07-22,17:24:50,25,85,2144,65535,1,3.8146,25.078,27.500,GOOD,NORMAL
2025-07-22,17:24:55,25,85,2176,65535,1,3.8030,24.891,27.500,GOOD,NORMAL
2025-07-22,17:25:01,25,85,2144,65535,1,3.8035,24.610,27.500,GOOD,NORMAL
2025-07-22,17:25:06,25,85,2128,65535,1,3.8051,24.516,27.500,GOOD,NORMAL
2025-07-22,17:25:11,25,85,2144,65535,1,3.8106,25.078,27.500,GOOD,NORMAL
2025-07-22,17:25:17,25,85,2080,65535,1,3.8166,24.985,27.500,GOOD,NORMAL
2025-07-22,17:25:22,25,85,2000,65535,1,3.8161,24.985,27.500,GOOD,NORMAL
2025-07-22,17:25:28,25,85,2096,65535,1,3.8046,24.797,27.500,GOOD,NORMAL
2025-07-22,17:25:33,25,85,2128,65535,1,3.8056,25.172,27.500,GOOD,NORMAL
2025-07-22,17:25:38,25,85,2176,65535,1,3.8076,24.985,27.500,GOOD,NORMAL
2025-07-22,17:25:44,25,85,2192,65535,1,3.8035,24.516,27.500,GOOD,NORMAL
2025-07-22,17:25:49,25,85,2192,65535,1,3.8106,24.704,27.500,GOOD,NORMAL
2025-07-22,17:25:55,25,85,2192,65535,1,3.8056,24.423,27.500,GOOD,NORMAL
2025-07-22,17:26:00,25,85,2144,65535,1,3.8081,24.797,27.500,GOOD,NORMAL
2025-07-22,17:26:05,25,85,2144,65535,1,3.8056,24.891,27.500,GOOD,NORMAL
2025-07-22,17:26:11,25,85,2176,65535,1,3.8051,24.797,27.500,GOOD,NORMAL
2025-07-22,17:26:16,25,85,2192,65535,1,3.8035,24.891,27.500,GOOD,NORMAL
2025-07-22,17:26:21,25,85,2128,65535,1,3.8151,24.329,27.500,GOOD,NORMAL
2025-07-22,17:26:27,25,85,2176,65535,1,3.8096,24.423,27.500,GOOD,NORMAL
2025-07-22,17:26:32,25,85,2176,65506,1,3.8086,24.704,27.500,GOOD,NORMAL
2025-07-22,17:26:39,25,85,2128,65535,1,3.8091,24.329,27.500,GOOD,NORMAL
2025-07-22,17:26:45,25,85,2128,65535,1,3.8061,25.078,27.500,GOOD,NORMAL
2025-07-22,17:26:50,25,85,2160,65535,1,3.8046,24.797,27.250,GOOD,NORMAL
2025-07-22,17:26:55,25,85,2160,65535,1,3.8106,24.704,27.250,GOOD,NORMAL
2025-07-22,17:27:01,25,85,2144,65503,1,3.8071,24.516,27.250,GOOD,NORMAL
2025-07-22,17:27:06,25,85,2112,65535,1,3.8101,24.516,27.250,GOOD,NORMAL
2025-07-22,17:27:12,25,85,2112,65535,1,3.8136,24.891,27.250,GOOD,NORMAL
2025-07-22,17:27:17,25,85,2016,65535,1,3.7990,24.704,27.250,GOOD,NORMAL
2025-07-22,17:27:22,25,85,2096,65535,1,3.8131,24.797,27.250,GOOD,NORMAL
2025-07-22,17:27:28,25,85,2112,65535,1,3.8035,24.236,27.250,GOOD,NORMAL
2025-07-22,17:27:33,25,85,2144,65535,1,3.8030,24.236,27.250,GOOD,NORMAL
2025-07-22,17:27:39,25,85,2144,65535,1,3.8030,24.423,27.250,GOOD,NORMAL
2025-07-22,17:27:44,25,85,2176,65535,1,3.7960,24.797,27.250,GOOD,NORMAL
2025-07-22,17:27:49,25,85,2160,65535,1,3.8030,24.329,27.250,GOOD,NORMAL
2025-07-22,17:27:55,25,85,2192,65535,1,3.8005,24.704,27.250,GOOD,NORMAL
2025-07-22,17:28:00,25,85,2208,65535,1,3.8010,24.704,27.250,GOOD,NORMAL
2025-07-22,17:28:05,25,85,2192,65535,1,3.8121,24.610,27.250,GOOD,NORMAL
2025-07-22,17:28:11,25,85,2208,65535,1,3.8005,24.891,27.250,GOOD,NORMAL
2025-07-22,17:28:16,25,85,2208,65535,1,3.8010,24.516,27.250,GOOD,NORMAL
2025-07-22,17:28:22,25,85,2192,65535,1,3.7985,24.704,27.250,GOOD,NORMAL
2025-07-22,17:28:27,25,85,2192,65535,1,3.7980,24.610,27.250,GOOD,NORMAL
2025-07-22,17:28:32,25,85,2160,65531,1,3.8091,24.610,27.250,GOOD,NORMAL
2025-07-22,17:28:38,25,85,2176,65535,1,3.8081,24.797,27.250,GOOD,NORMAL
2025-07-22,17:28:43,25,85,2176,65535,1,3.8101,24.704,27.250,GOOD,NORMAL
2025-07-22,17:28:50,25,85,2128,65535,1,3.7980,24.704,27.250,GOOD,NORMAL
2025-07-22,17:28:56,25,85,2128,65535,1,3.8066,24.704,27.250,GOOD,NORMAL
2025-07-22,17:29:01,25,85,2144,65535,1,3.7995,24.142,27.250,GOOD,NORMAL
2025-07-22,17:29:06,24,85,2176,65535,1,3.7975,24.704,27.250,GOOD,NORMAL
2025-07-22,17:29:12,24,85,2192,65535,1,3.7980,24.423,27.250,GOOD,NORMAL
2025-07-22,17:29:17,24,85,2176,65535,1,3.8005,24.048,27.250,GOOD,NORMAL
2025-07-22,17:29:23,24,85,2176,65535,1,3.8041,24.516,27.250,GOOD,NORMAL
2025-07-22,17:29:28,24,85,2112,65535,1,3.8035,24.610,27.250,GOOD,NORMAL
2025-07-22,17:29:33,24,86,2176,65522,1,3.8030,24.797,27.250,GOOD,NORMAL
2025-07-22,17:29:39,24,86,2192,65535,1,3.7980,24.329,27.250,GOOD,NORMAL
2025-07-22,17:29:44,24,86,2176,65535,1,3.7965,24.516,27.250,GOOD,NORMAL
2025-07-22,17:29:50,24,86,2112,65535,1,3.7990,24.329,27.250,GOOD,NORMAL
2025-07-22,17:29:55,24,86,2128,65535,1,3.7990,24.423,27.250,GOOD,NORMAL
2025-07-22,17:30:00,24,86,2144,65535,1,3.7894,24.704,27.000,GOOD,NORMAL
2025-07-22,17:30:06,24,86,2128,65535,1,3.7960,24.610,27.000,GOOD,NORMAL
2025-07-22,17:30:11,24,86,2160,65535,1,3.7980,24.423,27.000,GOOD,NORMAL
2025-07-22,17:30:16,24,86,2192,65535,1,3.8015,24.610,27.000,GOOD,NORMAL
2025-07-22,17:30:22,24,86,2080,65535,1,3.7889,24.516,27.000,GOOD,NORMAL
2025-07-22,17:30:27,24,86,2064,65535,1,3.8005,24.516,27.000,GOOD,NORMAL
2025-07-22,17:30:33,24,86,2112,65535,1,3.8025,24.423,27.000,GOOD,NORMAL
2025-07-22,17:30:38,24,86,2144,65535,1,3.7884,24.329,27.000,GOOD,NORMAL
2025-07-22,17:30:43,24,86,2192,65535,1,3.8010,24.142,27.000,GOOD,NORMAL
2025-07-22,17:30:49,24,86,2208,65535,1,3.8030,24.423,27.000,GOOD,NORMAL
2025-07-22,17:30:54,24,86,2208,65535,1,3.7859,24.142,27.000,GOOD,NORMAL
2025-07-22,17:31:01,24,86,2176,65535,1,3.7960,24.329,27.000,GOOD,NORMAL
2025-07-22,17:31:07,24,86,2112,65535,1,3.7900,24.236,27.000,GOOD,NORMAL
2025-07-22,17:31:12,24,86,2192,65535,1,3.7975,24.329,27.000,GOOD,NORMAL
2025-07-22,17:31:17,24,86,2192,65535,1,3.7905,24.704,27.000,GOOD,NORMAL
2025-07-22,17:31:23,24,86,2144,65535,1,3.7950,24.704,27.000,GOOD,NORMAL
2025-07-22,17:31:28,24,86,2208,65535,1,3.8015,24.704,27.000,GOOD,NORMAL
2025-07-22,17:31:34,24,87,2224,65535,1,3.8020,24.236,27.000,GOOD,NORMAL
2025-07-22,17:31:39,24,87,2128,65535,1,3.7955,24.423,27.000,GOOD,NORMAL
2025-07-22,17:31:45,24,87,2144,65535,1,3.7915,24.610,27.000,GOOD,NORMAL
2025-07-22,17:31:50,24,87,2192,65535,1,3.7930,24.142,27.000,GOOD,NORMAL
2025-07-22,17:31:55,24,87,2176,65535,1,3.8030,24.704,27.000,GOOD,NORMAL
2025-07-22,17:32:01,24,87,2192,65535,1,3.7970,24.516,27.000,GOOD,NORMAL
2025-07-22,17:32:06,24,87,2192,65535,1,3.7859,24.142,27.000,GOOD,NORMAL
2025-07-22,17:32:11,24,87,2208,65535,1,3.7925,24.516,27.000,GOOD,NORMAL
2025-07-22,17:32:17,24,87,2192,65535,1,3.7945,24.236,27.000,GOOD,NORMAL
2025-07-22,17:32:22,24,87,2208,65535,1,3.7889,24.329,27.000,GOOD,NORMAL
2025-07-22,17:32:28,24,88,2176,65535,1,3.7960,24.610,27.000,GOOD,NORMAL
2025-07-22,17:32:33,24,88,2176,65535,1,3.7965,24.329,27.000,GOOD,NORMAL
2025-07-22,17:32:38,24,88,2144,65535,1,3.7945,24.610,27.000,GOOD,NORMAL
2025-07-22,17:32:44,24,88,2192,65535,1,3.7894,24.423,27.000,GOOD,NORMAL
2025-07-22,17:32:49,24,88,2176,65535,1,3.7884,24.329,27.000,GOOD,NORMAL
2025-07-22,17:32:55,24,88,2192,65535,1,3.7955,24.423,27.000,GOOD,NORMAL
2025-07-22,17:33:00,24,88,2208,65519,1,3.7905,24.329,27.000,GOOD,NORMAL
2025-07-22,17:33:05,24,88,2192,65535,1,3.7940,23.955,27.000,GOOD,NORMAL
2025-07-22,17:33:12,24,88,2112,65535,1,3.7910,24.236,26.750,GOOD,NORMAL
2025-07-22,17:33:18,24,88,2144,65535,1,3.7925,24.423,26.750,GOOD,NORMAL
2025-07-22,17:33:23,24,88,2192,65531,1,3.7960,24.236,26.750,GOOD,NORMAL
2025-07-22,17:33:29,24,88,2176,65535,1,3.7844,24.048,26.750,GOOD,NORMAL
2025-07-22,17:33:34,24,88,2208,65535,1,3.7910,24.423,26.750,GOOD,NORMAL
2025-07-22,17:33:39,24,88,2208,65535,1,3.7889,24.329,26.750,GOOD,NORMAL
2025-07-22,17:33:45,24,88,2224,65535,1,3.7950,24.142,26.750,GOOD,NORMAL
2025-07-22,17:33:50,24,88,2224,65535,1,3.7874,24.236,26.750,GOOD,NORMAL
2025-07-22,17:33:56,24,88,2208,65535,1,3.7884,24.048,26.750,GOOD,NORMAL
2025-07-22,17:34:01,24,88,2208,65512,1,3.7864,24.236,26.750,GOOD,NORMAL
2025-07-22,17:34:06,24,88,2176,65535,1,3.7925,24.048,26.750,GOOD,NORMAL
2025-07-22,17:34:12,24,88,2192,65535,1,3.7940,24.048,26.750,GOOD,NORMAL
2025-07-22,17:34:17,24,88,2160,65535,1,3.7869,24.423,26.750,GOOD,NORMAL
2025-07-22,17:34:23,24,88,2112,65535,1,3.7940,24.048,26.750,GOOD,NORMAL
2025-07-22,17:34:28,24,88,2176,65535,1,3.7889,24.142,26.750,GOOD,NORMAL
2025-07-22,17:34:33,24,88,2192,65535,1,3.7879,24.142,26.750,GOOD,NORMAL
2025-07-22,17:34:39,24,88,2192,65535,1,3.7879,24.048,26.750,GOOD,NORMAL
2025-07-22,17:34:44,24,88,2192,65535,1,3.7864,24.142,26.750,GOOD,NORMAL
2025-07-22,17:34:49,24,88,2176,65535,1,3.7879,24.142,26.750,GOOD,NORMAL
2025-07-22,17:34:55,24,88,2176,65535,1,3.7874,24.236,26.750,GOOD,NORMAL
2025-07-22,17:35:00,24,88,2112,65535,1,3.7894,24.236,26.750,GOOD,NORMAL
2025-07-22,17:35:06,24,88,2160,65535,1,3.7859,23.955,26.750,GOOD,NORMAL
2025-07-22,17:35:11,24,88,2192,65535,1,3.7854,24.236,26.750,GOOD,NORMAL
2025-07-22,17:35:16,24,88,2192,65535,1,3.7874,24.048,26.750,GOOD,NORMAL
2025-07-22,17:35:24,24,88,2192,65535,1,3.7864,23.861,26.500,GOOD,NORMAL
2025-07-22,17:35:29,24,88,2208,65535,1,3.7864,24.142,26.500,GOOD,NORMAL
2025-07-22,17:35:34,24,88,2192,65535,1,3.7849,24.236,26.500,GOOD,NORMAL
2025-07-22,17:35:40,24,88,2208,65535,1,3.7945,24.048,26.500,GOOD,NORMAL
2025-07-22,17:35:45,24,88,2192,65535,1,3.7884,24.142,26.500,GOOD,NORMAL
2025-07-22,17:35:51,24,88,2192,65535,1,3.7829,23.861,26.500,GOOD,NORMAL
2025-07-22,17:35:56,24,88,2208,65535,1,3.7854,23.861,26.500,GOOD,NORMAL
2025-07-22,17:36:01,24,88,2192,65535,1,3.7814,24.142,26.500,GOOD,NORMAL
2025-07-22,17:36:07,24,88,2192,65535,1,3.7759,23.955,26.500,GOOD,NORMAL
2025-07-22,17:36:12,24,88,2208,65535,1,3.7769,23.955,26.500,GOOD,NORMAL
2025-07-22,17:36:17,24,88,2192,65535,1,3.7854,23.955,26.500,GOOD,NORMAL
2025-07-22,17:36:23,24,88,2192,65535,1,3.7779,24.236,26.500,GOOD,NORMAL
2025-07-22,17:36:28,24,88,2176,65535,1,3.7789,24.142,26.500,GOOD,NORMAL
2025-07-22,17:36:34,24,88,2192,65535,1,3.7794,24.142,26.500,GOOD,NORMAL
2025-07-22,17:36:39,24,88,2176,65535,1,3.7789,23.955,26.500,GOOD,NORMAL
2025-07-22,17:36:44,24,88,2192,65535,1,3.7814,24.142,26.500,GOOD,NORMAL
2025-07-22,17:36:50,24,88,2192,65535,1,3.7809,24.142,26.500,GOOD,NORMAL
2025-07-22,17:36:55,24,88,2192,65535,1,3.7789,24.142,26.500,GOOD,NORMAL
2025-07-22,17:37:01,24,88,2176,65535,1,3.7769,23.955,26.500,GOOD,NORMAL
2025-07-22,17:37:06,24,88,2192,65535,1,3.7824,24.048,26.500,GOOD,NORMAL
2025-07-22,17:37:11,24,88,2192,65535,1,3.7799,23.955,26.500,GOOD,NORMAL
2025-07-22,17:37:17,24,89,2176,65535,1,3.7794,23.955,26.500,GOOD,NORMAL
2025-07-22,17:37:22,24,88,2192,65535,1,3.7829,23.674,26.500,GOOD,NORMAL
2025-07-22,17:37:28,24,88,2192,65535,1,3.7804,23.955,26.250,GOOD,NORMAL
