timestamp_ms,temperature_celsius
0,20.02
1207,19.55
2413,19.55
3659,19.55
4864,19.09
6068,19.09
7273,19.55
8479,19.55
9685,19.55
10891,19.55
12097,19.55
13303,19.55
14509,19.55
15715,19.55
16922,19.55
18129,19.55
19336,20.02
20543,19.09
21789,19.55
22995,19.55
24201,19.55
25407,19.55
26613,19.55
27820,19.55
29027,19.55
30233,19.55
31476,19.55
32681,19.55
33887,19.55
35093,19.55
36300,19.55
37507,19.55
38714,19.55
39921,19.55
41162,20.02
42368,19.55
43574,20.02
44780,19.55
45987,20.02
47194,19.55
48435,19.55
49673,19.55
50910,19.55
52145,19.55
53383,20.02
54621,19.55
55862,20.02
57100,19.55
58340,20.02
59577,20.02
60814,20.02
62051,19.55
63290,20.02
64527,20.02
65803,20.02
67041,20.02
68276,20.02
69511,20.02
70748,20.02
71983,20.02
73222,20.02
74462,20.02
75703,20.02
76941,20.02
78181,20.49
79418,20.49
80657,20.49
81896,20.49
83135,20.49
84375,20.02
85652,20.49
86891,20.49
88127,20.49
89364,20.49
90602,20.02
91840,20.49
93080,20.49
94319,20.49
95561,20.49
96802,20.49
98040,20.49
99278,20.49
100516,20.49
101751,20.49
102989,20.49
104226,20.02
105509,20.49
106748,20.49
107985,20.49
109223,20.49
110461,20.02
111701,20.49
112941,20.49
114182,20.02
115422,20.49
116664,20.49
117903,20.49
119143,20.02
120381,20.49
121622,20.02
122864,20.49
124106,20.49
125389,20.49
126629,20.49
127868,20.49
129107,20.49
130345,20.49
131587,20.49
132826,20.02
134068,20.49
135312,20.49
136549,20.02
137788,20.02
139030,20.02
140273,20.02
141516,20.49
142759,20.02
144003,20.49
145289,20.49
146529,20.49
147770,20.02
149009,20.49
150250,20.49
151493,20.02
152736,20.02
153981,20.49
155229,20.49
156469,20.02
157710,20.49
158955,20.02
160201,20.49
161450,20.49
162695,20.49
163938,20.49
165225,20.49
166464,20.02
167706,20.02
168946,20.02
170187,20.02
171427,20.02
172671,20.49
173913,20.49
175157,20.02
176399,20.02
177644,20.49
178888,20.49
180131,20.49
181374,20.02
182618,20.02
183864,20.49
185144,20.49
186384,20.02
187625,20.02
188866,20.49
190109,20.02
191354,20.49
192597,20.02
193840,20.49
195085,20.49
196334,20.49
197578,20.49
198821,20.49
200064,20.02
201308,20.49
202554,20.49
203801,20.49
205085,20.49
206327,20.49
207570,20.49
208813,20.49
210058,20.02
211302,20.49
212548,20.49
213794,20.49
215040,20.49
216285,20.49
217529,20.49
218774,20.02
220019,20.02
221266,20.49
222511,20.49
223756,20.49
225043,20.49
226287,20.02
227531,20.49
228773,20.02
230018,20.49
231264,20.49
232509,20.02
233757,20.02
235005,20.49
236251,20.49
237495,20.02
238741,20.02
239986,20.02
241231,20.49
242480,20.49
243727,20.49
245014,20.02
246258,20.49
247503,20.49
248747,20.49
249994,20.02
251242,20.49
252490,20.49
253739,20.02
254985,20.49
256231,20.49
257478,20.49
258723,20.49
259967,20.02
261215,20.49
262463,20.02
263712,20.49
264999,20.49
266246,20.49
267491,20.49
268736,20.02
269983,20.49
271233,20.02
272480,20.49
273729,20.49
274980,20.49
276227,20.02
277472,20.49
278720,20.49
279970,20.49
281221,20.49
282470,20.02
283720,20.49
285003,20.49
286249,20.49
287496,20.02
288743,20.49
289991,20.02
291243,20.02
292490,20.49
293738,20.02
294985,20.02
296234,20.49
297480,20.49
298727,20.49
299977,20.49
301228,20.49
302480,20.02
303731,20.49
305020,20.49
306270,20.49
307521,20.49
308771,20.49
310024,20.49
311274,20.49
312524,20.49
313772,20.49
315022,20.49
316274,20.02
317526,20.49
318776,20.49
320028,20.02
321281,20.02
322532,20.49
323783,20.49
325074,20.49
326328,20.49
327580,20.49
328834,20.49
330086,20.49
331337,20.49
332588,20.49
333838,20.49
335088,20.49
336341,20.49
337594,20.49
338844,20.49
340097,20.49
341348,20.02
342603,20.49
343853,20.49
345146,20.49
346397,20.49
347650,20.02
348905,20.49
350159,20.49
351413,20.49
352664,20.49
353915,20.02
355164,20.49
356417,20.49
357669,20.49
358920,20.49
360176,20.49
361429,20.02
362684,20.49
363935,20.49
365225,20.49
366477,20.49
367731,20.49
368985,20.49
370236,20.49
371487,20.49
372738,20.49
373991,20.49
375246,20.02
376499,20.49
377757,20.49
379013,20.49
380266,20.49
381519,20.49
382772,20.49
384025,20.49
385318,20.49
386574,20.49
387831,20.02
389087,20.49
390344,20.49
391600,20.49
392857,20.49
394111,20.02
395372,20.49
396628,20.49
397913,20.49
399149,20.49
400384,20.49
401616,20.49
402850,20.49
404083,20.49
405357,20.49
406590,20.49
407825,20.49
409060,20.49
410295,20.49
411528,20.49
412760,20.49
413993,20.49
415230,20.49
416465,20.96
417699,20.49
418936,20.49
420170,20.49
421402,20.49
422638,20.49
423876,20.49
425155,20.49
426393,20.49
427633,20.49
428872,20.49
430111,20.49
431349,20.02
432585,20.49
433822,20.49
435060,20.49
436298,20.49
437535,20.49
438772,20.02
440008,20.49
441243,20.49
442477,20.49
443711,20.49
444983,20.49
446220,20.02
447456,20.49
448695,20.02
449931,20.49
451163,20.49
452398,20.49
453634,20.02
454873,20.49
456111,20.49
457350,20.49
458589,20.49
459828,20.49
461064,20.49
462302,20.49
463537,20.49
464815,20.02
466053,20.49
467291,20.49
468529,20.49
469767,20.49
471001,20.49
472235,20.49
473472,20.96
474712,20.49
475949,20.02
477189,20.49
478427,20.49
479666,20.49
480905,20.49
482145,20.49
483382,20.49
484659,20.49
485899,20.49
487140,20.49
488378,20.49
489619,20.49
490857,20.49
492095,20.49
493335,20.02
494575,20.49
495816,20.49
497058,20.49
498299,20.49
499537,20.49
500775,20.49
502013,20.49
503251,20.49
504532,20.49
505774,20.49
507016,20.49
508255,20.49
509496,20.49
510734,20.49
511974,20.02
513212,20.49
514453,20.49
515694,20.49
516934,20.49
518177,20.49
519416,20.49
520658,20.49
521899,20.49
523140,20.49
524422,20.96
525663,20.49
526906,20.02
528149,20.49
529389,20.49
530628,20.49
531867,20.49
533107,20.49
534349,20.02
535590,20.02
536835,20.02
538077,20.49
539317,20.49
540559,20.49
541799,20.49
543043,20.49
544325,20.49
545568,20.02
546810,20.49
548052,20.49
549294,20.02
550535,20.49
551773,20.96
553014,20.49
554259,20.02
555503,20.49
556748,20.49
557991,20.49
559232,20.49
560474,20.96
561714,20.49
562959,20.49
564242,20.49
565486,20.49
566732,20.02
567972,20.49
569213,20.49
570457,20.49
571701,20.49
572945,20.49
574189,20.49
575437,20.49
576683,20.49
577926,20.49
579170,20.02
580412,20.49
581654,20.49
582897,20.49
584179,20.49
585424,20.02
586670,20.49
587911,20.49
589154,20.49
590403,20.49
591650,20.49
592906,20.49
594153,20.49
595397,20.49
596647,20.49
597890,20.96
599135,20.49
600380,20.49
601623,20.49
602867,20.49
604152,20.49
605398,20.49
606644,20.49
607889,20.49
609137,20.49
610383,20.49
611627,20.49
612874,20.49
614121,20.49
615367,20.49
616613,20.49
617856,20.02
619101,20.49
620346,20.49
621594,20.02
622842,20.49
624128,20.49
625374,20.49
626619,20.49
627863,20.49
629109,20.49
630354,20.49
631598,20.49
632844,20.49
634091,20.49
635340,20.49
636587,20.96
637833,20.49
639078,20.49
640321,20.49
641570,20.49
642817,20.02
644105,20.49
645353,20.49
646601,20.49
647847,20.49
649093,20.49
650338,20.49
651585,20.96
652833,20.02
654081,20.49
655328,20.96
656576,20.49
657821,20.49
659067,20.49
660312,20.49
661559,20.49
662806,20.49
664092,20.49
665342,20.49
666591,20.49
667839,20.49
669087,20.49
670335,20.49
671581,20.49
672829,20.49
674079,20.49
675329,20.96
676579,20.49
677826,20.49
679075,20.49
680325,20.49
681576,20.49
682827,20.96
684115,20.49
685367,20.49
686618,20.02
687865,20.96
689114,20.49
690361,20.49
691609,20.49
692859,20.49
694111,20.49
695363,20.49
696615,20.49
697865,20.02
699114,20.49
700363,20.49
701612,20.49
702865,20.49
704155,20.49
705407,20.49
706660,20.49
707909,20.49
709156,20.49
710406,20.49
711658,20.49
712911,20.49
714161,20.49
715413,20.02
716663,20.49
717913,20.49
719163,20.49
720415,20.96
721668,20.49
722923,20.49
724213,20.49
725463,20.49
726714,20.49
727965,20.02
729213,20.49
730464,20.49
731715,20.49
732968,20.49
734219,20.96
735471,20.49
736720,20.49
737972,20.49
739223,20.02
740476,20.49
741730,20.96
742983,20.49
744274,20.02
745523,20.49
746774,20.49
748028,20.49
749281,20.49
750534,20.02
751787,20.49
753039,20.49
754291,20.49
755544,20.49
756801,20.49
758057,20.49
759312,20.49
760568,20.02
761823,20.49
763076,20.49
764368,20.96
765620,20.49
766872,20.49
768127,20.49
769383,20.49
770637,20.49
771893,20.49
773146,20.49
774405,20.49
775658,20.49
776912,20.49
778166,20.49
779421,20.49
780678,20.49
781934,20.49
783190,20.49
784484,20.49
785737,20.49
786988,20.49
788244,20.49
789500,20.49
790785,20.49
792024,20.49
793260,20.49
794493,20.49
795728,20.49
796962,20.02
798198,20.49
799433,20.02
800666,20.02
801899,20.49
803132,20.49
804406,20.49
805642,20.49
806878,20.49
808116,20.49
809352,20.49
810587,20.49
811820,20.96
813055,20.49
814290,20.49
815522,20.49
816760,20.49
817999,20.49
819237,20.49
820475,20.49
821711,20.02
822949,20.49
824225,20.49
825462,20.02
826698,20.49
827933,20.49
829169,20.49
830404,20.49
831635,20.49
832870,20.49
834105,20.49
835341,20.49
836578,20.49
837816,20.49
839053,20.96
840289,20.49
841524,20.49
842760,20.49
844033,20.49
845271,20.49
846508,20.49
847742,20.49
848981,20.49
850216,20.49
851452,20.49
852689,20.02
853928,20.49
855169,20.49
856409,20.49
857653,20.02
858893,20.49
860134,20.49
861374,20.49
862613,20.02
863891,20.02
865130,20.49
866368,20.02
867608,20.96
868848,20.49
870086,20.49
871322,20.49
872558,20.02
873796,20.49
875035,20.49
876276,20.49
877516,20.49
878759,20.49
879998,20.49
881235,20.49
882472,20.49
883748,20.49
884986,20.49
886224,20.49
887463,20.49
888705,20.49
889946,20.49
891181,20.49
892419,20.49
893656,20.49
894896,20.49
896136,20.49
897376,20.49
898617,20.49
899855,20.49
901093,20.49
902331,20.49
903609,20.49
904847,20.49
906085,20.49
907327,20.96
908569,20.02
909807,20.49
911048,20.49
912289,20.49
913529,20.49
914772,20.49
916015,20.96
917259,20.49
918502,20.49
919746,20.49
920987,20.49
922228,20.49
923508,20.49
924750,20.49
925994,20.49
927238,20.49
928482,20.49
929722,20.02
930963,20.49
932203,20.49
933443,20.49
934686,20.49
935930,20.49
937176,20.49
938420,20.49
939664,20.49
940905,20.49
942146,20.49
943428,20.49
944672,20.49
945915,20.49
947158,20.49
948401,20.49
949641,20.49
950885,20.49
952127,20.49
953371,20.49
954616,20.49
955860,20.49
957107,20.02
958352,20.49
959593,20.49
960836,20.49
962078,20.49
963359,20.49
964600,20.49
965842,20.49
967088,20.49
968332,20.49
969571,20.49
970813,20.96
972055,20.49
973297,20.49
974539,20.96
975784,20.49
977029,20.49
978273,20.49
979516,20.49
980760,20.49
981999,20.49
983283,20.49
984530,20.49
985773,20.49
987020,20.49
988265,20.49
989515,20.49
990760,20.96
992003,20.49
993251,20.49
994498,20.49
995746,20.49
996995,20.49
998239,20.49
999483,20.49
1000732,20.49
1001978,20.49
1003264,20.49
1004510,20.02
1005760,20.49
1007011,20.49
1008256,20.49
1009502,20.02
1010745,20.49
1011989,20.49
1013236,20.49
1014483,20.49
1015732,20.02
1016984,20.49
1018227,20.49
1019474,20.49
1020726,20.02
1021975,20.96
1023266,20.49
1024515,20.49
1025762,20.49
1027013,20.49
1028257,20.49
1029501,20.49
1030743,20.49
1031988,20.49
1033234,20.49
1034482,20.49
1035728,20.49
1036976,20.49
1038221,20.49
1039469,20.49
1040717,20.96
1041962,20.49
1043247,20.49
1044497,20.49
1045743,20.49
1046990,20.49
1048233,20.02
1049478,20.49
1050724,20.49
1051972,20.02
1053220,20.49
1054467,20.02
1055714,20.49
1056964,20.49
1058211,20.49
1059460,20.02
1060707,20.49
1061954,20.49
1063243,20.49
1064491,20.49
1065741,20.49
1066991,20.49
1068239,20.49
1069486,20.02
1070733,20.49
1071984,20.02
1073233,20.49
1074484,20.02
1075735,20.02
1076986,20.49
1078237,20.49
1079488,20.49
1080737,20.49
1081987,20.49
1083274,20.02
1084525,20.02
1085774,20.49
1087025,20.02
1088274,19.55
1089523,20.49
1090770,20.49
1092020,20.49
1093270,20.49
1094519,20.02
1095772,20.49
1097024,20.49
1098275,20.49
1099526,20.49
1100779,20.49
1102029,20.02
1103318,20.49
1104569,20.49
1105820,20.49
1107073,20.49
1108322,20.49
1109571,20.49
1110820,20.49
1112072,20.49
1113322,20.49
1114574,20.49
1115827,20.49
1117078,20.49
1118327,20.49
1119579,20.49
1120829,20.49
1122078,20.49
1123369,20.49
1124622,20.02
1125872,20.49
1127125,20.49
1128376,20.49
1129625,20.49
1130875,20.96
1132127,20.49
1133382,20.49
1134632,20.49
1135888,20.49
1137143,20.96
1138394,20.49
1139643,20.49
1140897,20.96
1142153,20.02
1143448,20.02
1144699,20.49
1145953,20.49
1147205,20.49
1148457,20.49
1149709,20.49
1150963,20.49
1152217,20.02
1153474,20.49
1154727,20.49
1155980,20.96
1157233,20.49
1158488,20.49
1159740,20.49
1160992,20.49
1162245,20.49
1163542,20.49
1164794,20.96
1166046,20.49
1167300,20.49
1168552,20.96
1169836,20.49
1171071,20.49
1172306,20.49
1173538,20.49
1174771,20.49
1176007,20.96
1177243,20.49
1178479,20.49
1179714,20.49
1180949,20.49
1182182,20.49
1183457,20.49
1184694,20.49
1185930,20.49
1187165,20.49
1188407,20.02
1189640,20.49
1190872,20.96
1192106,20.96
1193338,20.49
1194571,20.49
1195808,20.49
1197045,20.96
1198279,20.49
1199516,20.49
1200750,20.49
1201988,20.49
1203261,20.49
1204495,20.49
1205731,20.49
1206967,20.49
1208204,20.49
1209441,20.49
1210678,20.49
1211913,20.49
1213146,20.49
1214379,20.49
1215618,20.96
1216856,20.49
1218096,20.96
1219335,20.49
1220574,20.49
1221811,20.49
1223089,20.96
1224327,20.49
1225565,20.49
1226804,20.49
1228040,20.49
1229276,20.49
1230512,20.49
1231749,20.49
1232987,20.49
1234226,20.49
1235467,20.49
1236706,20.49
1237946,20.49
1239184,20.49
1240421,20.49
1241661,20.02
1242938,20.96
1244178,20.02
1245419,20.49
1246660,20.49
1247901,20.49
1249139,20.49
1250380,20.96
1251618,20.49
1252856,20.49
1254094,20.96
1255331,20.49
1256571,20.49
1257810,20.49
1259047,20.49
1260285,20.49
1261522,20.49
1262802,20.49
1264040,20.49
1265281,20.49
1266520,20.49
1267758,20.49
1268995,20.49
1270234,20.49
1271472,20.49
1272712,20.49
1273952,20.49
1275189,20.96
1276430,20.49
1277670,20.49
1278909,20.49
1280148,20.96
1281391,20.49
1282672,20.49
1283913,20.49
1285160,20.02
1286402,20.49
1287647,20.49
1288892,20.49
1290134,20.49
1291375,20.49
1292621,20.49
1293864,20.96
1295107,20.49
1296349,20.49
1297591,20.49
1298832,20.49
1300073,20.49
1301315,20.49
1302597,20.49
1303841,20.49
1305083,20.49
1306329,20.49
1307571,20.49
1308810,20.49
1310051,20.49
1311292,20.49
1312536,20.49
1313778,20.02
1315022,20.49
1316266,20.49
1317510,20.49
1318751,20.49
1319994,20.49
1321234,20.49
1322517,20.49
1323760,20.49
1325003,20.02
1326247,20.49
1327490,20.49
1328731,20.96
1329972,20.49
1331214,20.49
1332459,20.49
1333701,20.49
1334946,20.49
1336189,20.49
1337433,20.49
1338677,20.49
1339921,20.49
1341165,20.49
1342449,20.49
1343693,20.96
1344941,20.49
1346186,20.49
1347431,20.49
1348674,20.49
1349917,20.49
1351161,20.49
1352407,20.49
1353653,20.49
1354900,20.49
1356147,20.49
1357390,20.49
1358633,20.49
1359878,20.49
1361121,20.49
1362408,20.49
1363656,20.49
1364904,20.02
1366151,20.49
1367398,20.49
1368642,20.49
1369888,20.49
1371134,20.49
1372382,20.49
1373631,20.49
1374879,20.49
1376127,20.49
1377372,20.49
1378620,20.49
1379868,20.49
1381113,20.49
1382403,20.96
1383652,20.49
1384903,20.49
1386158,20.49
1387403,20.49
1388648,20.49
1389893,20.49
1391136,20.96
1392384,20.96
1393631,20.49
1394882,20.49
1396129,20.49
1397375,20.49
1398622,20.49
1399869,20.49
1401118,20.49
1402407,20.96
1403655,20.49
1404904,20.49
1406151,20.49
1407398,20.49
1408645,20.49
1409891,20.49
1411138,20.49
1412389,20.96
1413638,20.49
1414889,20.49
1416136,20.49
1417382,20.49
1418629,20.49
1419878,20.49
1421126,20.49
1422419,20.96
1423668,20.49
1424917,20.49
1426168,20.49
1427414,20.49
1428660,20.49
1429911,20.49
1431161,20.49
1432412,20.49
1433662,20.49
1434915,20.49
1436169,20.96
1437418,20.49
1438670,20.96
1439918,20.96
1441167,20.49
1442459,20.49
1443710,20.49
1444962,20.49
1446217,20.49
1447465,20.49
1448714,20.49
1449963,20.49
1451216,20.49
1452473,20.49
1453727,20.49
1454979,20.96
1456235,20.49
1457484,20.49
1458735,20.49
1459985,20.49
1461236,20.96
1462527,20.96
1463779,20.96
1465031,20.49
1466284,20.96
1467534,20.96
1468788,20.96
1470041,20.96
1471291,20.49
1472541,20.96
1473794,20.49
1475045,20.96
1476295,20.96
1477543,20.49
1478793,20.49
1480043,20.49
1481296,20.96
1482589,20.49
1483840,20.49
1485093,20.49
1486346,20.49
1487596,20.96
1488848,20.49
1490098,20.49
1491350,20.49
1492604,20.49
1493858,20.96
1495112,20.49
1496364,20.49
1497615,20.96
1498866,20.96
1500117,20.49
1501371,20.49
1502663,20.49
1503916,20.96
1505169,20.96
1506423,20.96
1507675,20.49
1508928,20.96
1510180,20.49
1511435,20.96
1512689,20.96
1513944,20.96
1515196,20.96
1516451,20.49
1517704,20.96
1518956,20.49
1520206,20.49
1521460,20.49
1522753,20.49
1524007,20.96
1525264,20.49
1526518,20.96
1527773,20.49
1529027,20.49
1530283,20.49
1531536,20.96
1532791,20.49
1534079,20.49
1535315,20.49
1536548,20.49
1537781,20.49
1539014,20.96
1540249,20.02
1541483,20.96
1542760,20.96
1543997,20.49
1545231,20.96
1546464,20.96
1547698,20.49
1548931,20.49
1550163,20.49
1551398,20.96
1552633,20.49
1553870,20.49
1555106,20.49
1556342,20.49
1557578,20.96
1558811,20.96
1560046,20.96
1561283,20.49
1562557,20.49
1563795,20.96
1565033,20.49
1566267,20.49
1567501,20.96
1568736,20.49
1569972,20.96
1571210,20.49
1572445,20.96
1573682,20.49
1574917,20.49
1576152,20.02
1577386,20.49
1578623,20.96
1579861,20.49
1581100,20.96
1582378,20.96
1583615,20.96
1584857,20.96
1586093,20.49
1587326,20.96
1588561,20.96
1589799,20.96
1591037,20.96
1592274,20.96
1593509,20.49
1594748,20.49
1595987,20.49
1597226,20.96
1598463,20.96
1599701,20.96
1600938,20.96
1602216,20.96
1603454,20.49
1604693,20.49
1605932,20.96
1607170,20.96
1608407,20.96
1609644,20.49
1610882,20.96
1612123,20.96
1613364,20.49
1614603,20.96
1615843,20.49
1617082,20.96
1618321,20.49
1619559,20.49
1620796,20.96
1622073,20.49
1623311,20.96
1624554,20.49
1625791,20.49
1627033,20.96
1628271,20.49
1629514,20.96
1630751,20.96
1631989,20.49
1633230,20.96
1634471,20.49
1635714,20.96
1636956,20.49
1638198,20.96
1639437,20.49
1640676,20.49
1641952,20.96
1643192,20.49
1644433,20.49
1645675,20.49
1646917,20.96
1648159,20.96
1649399,20.49
1650639,20.49
1651879,20.96
1653121,20.96
1654363,20.96
1655602,20.49
1656842,20.96
1658081,20.49
1659322,20.96
1660565,20.49
1661848,20.96
1663091,20.49
1664333,20.96
1665573,20.49
1666812,20.49
1668051,20.49
1669294,20.49
1670534,20.49
1671779,20.96
1673024,20.49
1674269,20.49
1675514,20.96
1676758,20.49
1678004,20.96
1679247,20.49
1680490,20.96
1681773,20.96
1683015,20.49
1684259,20.49
1685501,20.49
1686741,20.49
1687982,20.49
1689223,20.96
1690465,20.49
1691708,20.96
1692950,20.96
1694193,20.96
1695436,20.49
1696677,20.96
1697921,20.96
1699166,20.49
1700409,20.49
1701692,20.96
1702933,20.96
1704178,20.96
1705422,20.49
1706663,20.96
1707906,20.96
1709150,20.96
1710396,20.96
1711642,20.96
1712894,20.96
1714142,20.96
1715390,20.96
1716639,20.96
1717886,20.96
1719130,20.96
1720378,20.96
1721663,20.96
1722910,20.96
1724158,20.49
1725402,20.96
1726645,20.49
1727887,20.49
1729131,20.49
1730377,20.49
1731623,20.49
1732869,20.96
1734118,20.96
1735363,20.96
1736607,20.49
1737853,20.96
1739097,20.49
1740345,20.49
1741633,20.96
1742881,20.49
1744130,20.96
1745378,20.96
1746620,20.96
1747865,20.49
1749109,20.96
1750356,20.49
1751603,20.96
1752851,20.49
1754100,20.96
1755346,20.96
1756590,20.49
1757834,20.49
1759080,20.49
1760329,20.96
1761615,20.96
1762864,20.96
1764113,20.49
1765360,20.96
1766607,20.96
1767857,20.96
1769104,20.96
1770353,20.96
1771602,20.49
1772855,20.49
1774104,20.49
1775355,20.96
1776603,20.49
1777851,20.96
1779101,20.49
1780350,20.49
1781642,20.96
1782899,20.49
1784150,20.96
1785396,20.96
1786642,20.96
1787888,20.96
1789136,20.49
1790386,20.96
1791638,20.96
1792889,20.96
1794139,20.96
1795389,20.96
1796636,20.96
1797885,20.96
1799133,20.96
1800383,20.96
1801674,20.96
1802924,20.96
1804174,20.49
1805423,20.96
1806674,20.49
1807925,20.49
1809174,20.96
1810426,20.49
1811679,20.96
1812933,20.96
1814187,20.49
1815437,20.96
1816687,20.96
1817937,20.49
1819186,20.96
1820436,20.49
1821728,20.96
1822983,20.49
1824234,20.96
1825480,20.96
1826730,20.96
1827980,20.96
1829230,20.96
1830482,20.49
1831736,20.49
1832988,20.96
1834241,20.96
1835493,20.49
1836745,20.96
1837996,20.96
1839250,20.49
1840505,20.96
1841798,20.96
1843054,20.96
1844307,20.96
1845557,20.49
1846808,20.49
1848060,20.96
1849312,20.96
1850568,20.96
1851822,20.96
1853077,20.96
1854333,20.49
1855584,20.49
1856835,20.49
1858091,20.49
1859344,20.49
1860598,20.96
1861893,20.49
1863150,20.49
1864408,20.96
1865660,20.49
1866914,20.49
1868167,20.96
1869418,20.96
1870672,20.96
1871926,20.49
1873182,20.49
1874440,20.49
1875693,20.49
1876947,20.96
1878204,20.96
1879461,20.49
1880721,20.96
1882015,20.02
1883268,20.49
1884527,20.96
1885778,20.49
1887031,20.96
1888283,20.49
1889535,20.49
1890790,20.49
1892045,20.49
1893298,20.49
1894553,20.96
1895807,20.49
1897064,20.49
1898347,20.49
1899581,20.96
1900818,20.96
1902092,20.49
1903324,20.49
1904553,20.49
1905784,20.96
1907016,20.49
1908251,20.96
1909486,20.49
1910720,20.49
1911954,20.49
1913190,20.96
1914425,20.49
1915660,20.49
1916893,20.49
1918126,20.96
1919362,20.49
1920598,20.49
1921875,20.96
1923110,20.49
1924344,20.49
1925579,20.96
1926814,20.49
1928051,20.49
1929288,20.96
1930525,20.49
1931762,20.96
1933000,20.49
1934236,20.02
1935471,20.49
1936709,20.96
1937947,20.49
1939183,20.49
1940421,20.49
1941698,20.49
1942935,20.49
1944170,20.49
1945404,20.49
1946635,20.96
1947871,20.96
1949107,20.49
1950343,20.49
1951582,20.02
1952818,20.02
1954055,20.02
1955291,20.02
1956528,20.02
1957762,20.02
1958996,20.49
1976145,20.49
1978424,20.49
1980657,20.49
1982893,20.49
1985127,20.49
1987366,20.49
1989605,20.49
1991843,20.49
1994082,20.49
1996319,20.02
1998554,20.49
2000790,20.02
2003025,20.02
2005261,20.49
2007498,20.02
2009737,20.02
2011975,20.49
2014260,20.49
2016500,20.49
2018737,20.49
2020975,20.49
2023213,20.49
2025453,20.02
2027694,20.49
2029936,20.49
2032179,20.49
2034416,20.02
2036654,20.02
2038894,20.02
2041135,20.49
2043377,20.02
2045617,20.49
2047858,20.02
2050135,20.02
2052374,20.02
2054612,20.49
2056851,20.49
2059092,20.02
2061335,20.02
2063576,20.02
2065817,20.49
2068056,20.02
2070296,20.49
2072534,20.49
2074774,20.49
2077015,20.02
2079258,20.02
2081501,20.49
2083740,20.49
2086021,20.49
2088262,20.02
2090503,20.02
2092744,20.02
2094986,20.02
2097224,20.49
2099466,20.49
2101708,20.02
2103950,20.49
2106193,20.49
2108435,20.49
2110678,20.02
2112918,20.49
2115159,20.49
2117404,20.02
2119650,20.02
2121933,20.02
2124176,20.02
2126419,20.02
2128660,20.49
2130901,20.02
2133140,20.02
2135380,20.02
2137621,20.49
2139865,20.49
2142108,20.02
2144355,20.49
2146595,20.02
2148843,20.02
2151084,20.02
2153328,20.02
2155573,20.02
2157859,20.02
2160104,20.02
2162348,20.02
2164592,20.02
2166834,20.02
2169074,20.02
2171315,20.02
2173559,20.49
2175802,20.02
2178050,20.02
2180293,20.02
2182537,20.49
2184781,20.02
2187024,20.02
2189270,20.02
2191515,20.02
2193801,20.02
2196044,20.02
2198286,20.49
2200530,20.02
2202773,20.02
2205021,20.02
2207266,20.02
2209515,20.49
2211762,20.02
2214007,20.02
2216249,20.49
2218495,20.49
2220740,20.02
2222983,20.02
2225230,20.02
2227480,20.49
2229766,20.02
2232014,20.49
2234261,20.49
2236509,20.49
2238754,20.02
2241001,20.49
2243246,20.02
2245490,20.02
2247736,20.02
2249982,20.02
2252226,20.02
2254470,20.02
2256716,20.02
2258964,20.02
2261209,20.49
2263458,20.49
2265745,20.02
2267988,20.02
2270232,20.02
2272476,20.49
2274722,20.02
2276969,20.49
2279218,20.49
2281463,20.02
2283710,20.02
2285957,20.02
2288202,20.02
2290448,20.02
2292697,20.49
2294946,20.02
2297195,20.02
2299449,20.02
2301739,20.49
2303991,20.02
2306242,20.02
2308490,20.02
2310738,20.02
2312988,20.02
2315238,20.49
2317486,20.02
2319737,20.02
2321984,20.49
2324230,20.02
2326477,20.49
2328725,20.02
2330975,20.02
2333226,20.02
2335475,20.02
2337766,20.02
2340013,20.02
2342260,20.02
2344506,20.02
2346754,20.02
2349006,20.02
2351255,20.02
2353506,20.02
2355758,20.02
2358009,20.49
2360258,20.02
2362509,20.02
2364756,20.02
2367007,20.49
2369258,20.02
2371515,20.49
2373807,20.49
2376056,20.02
2378304,20.02
2380552,20.02
2382802,20.02
2385054,20.49
2387306,20.02
2389558,20.49
2391809,20.49
2394060,20.02
2396311,20.49
2398563,20.02
2400814,20.02
2403065,20.02
2405317,20.02
2407572,20.02
2409864,20.49
2412117,20.49
2414369,20.02
2416620,20.02
2418871,20.02
2421122,20.49
2423376,20.02
2425630,20.49
2427885,20.49
2430134,20.02
2432384,20.49
2434633,20.49
2436886,20.49
2439139,20.02
2441394,20.02
2443649,20.02
2445942,20.02
2448193,20.02
2450442,20.02
2452693,20.02
2454947,20.02
2457202,20.49
2459457,20.02
2461711,20.49
2463966,20.49
2466216,20.02
2468473,20.02
2470728,20.49
2472982,20.49
2475238,20.49
2477493,20.49
2479750,20.02
2482044,20.02
2484296,20.02
2486547,20.02
2488796,20.49
2491048,20.49
2493301,20.02
2495556,20.49
2497813,20.49
2500069,20.02
2502322,20.49
2504575,20.49
2506827,20.49
2509081,20.02
2511334,20.49
2513590,20.02
2515846,20.02
2518139,20.02
2520425,20.02
2522657,20.49
2524891,20.02
2527129,20.02
2529364,20.02
2531602,20.02
2533837,20.02
2536069,20.02
2538301,20.49
2540535,20.02
2542768,20.49
2545005,20.49
2547242,20.02
2549478,20.02
2551716,20.02
2553990,20.02
2556222,20.49
2558458,20.02
2560695,20.02
2562933,20.49
2565170,20.49
2567409,20.49
2569649,20.02
2571884,20.02
2574121,20.02
2576354,20.02
2578591,20.02
2580828,20.02
2583066,20.49
2585302,20.02
2587543,20.02
2589818,20.02
2592053,20.49
2594294,20.02
2596532,20.02
2598775,20.02
2601014,20.02
2603250,20.02
2605493,20.49
2607727,20.02
2609964,20.02
2612198,20.49
2614433,20.02
2616671,20.02
2618909,20.02
2621145,20.02
2623384,20.02
2625661,20.02
2627899,20.02
2630136,20.02
2632373,19.55
2634612,20.02
2636851,20.02
2639088,20.02
2641323,20.02
2643559,20.02
2645794,20.02
2648034,20.49
2650275,20.02
2652512,20.02
2654751,20.02
2656990,20.02
2659229,20.02
2661505,20.49
2663741,20.02
2665977,20.49
2668213,20.02
2670452,20.02
2672692,20.02
2674930,20.49
2677165,20.02
2679401,20.02
2681639,20.02
2683878,20.02
2686118,20.02
2688358,20.49
2690599,20.02
2692839,20.02
2695078,20.49
2697355,20.02
2699594,20.02
2701834,20.02
2704073,20.02
2706314,20.49
2708553,20.02
2710794,20.49
2713034,20.02
2715272,20.49
2717510,20.49
2719751,20.02
2721992,20.49
2724232,20.49
2726475,20.49
2728723,20.49
2730962,20.49
2733243,20.49
2735484,20.49
2737722,20.02
2739960,20.49
2742204,20.49
2744446,20.49
2746685,20.02
2748924,20.02
2751166,20.02
2753408,20.49
2755651,20.49
2757893,20.02
2760138,20.49
2762380,20.49
2764621,20.02
2766863,20.02
2769144,20.02
2771382,20.02
2773622,20.49
2775864,20.49
2778104,20.02
2780347,20.02
2782589,20.02
2784830,20.49
2787071,20.49
2789311,20.49
2791556,20.49
2793798,20.02
2796042,20.49
2798286,20.49
2800525,20.02
2802763,20.02
2805046,20.02
2807290,20.02
2809537,20.49
2811780,20.02
2814023,20.49
2816263,20.49
2818504,20.49
2820744,20.49
2822987,20.49
2825229,20.02
2827476,20.49
2829722,20.02
2831966,20.49
2834209,20.49
2836452,20.49
2838692,20.49
2840974,20.49
2843218,20.49
2845462,20.49
2847705,20.49
2849947,20.02
2852192,20.49
2854438,20.49
2856680,20.02
2858927,20.49
2861172,20.02
2863415,20.49
2865661,20.02
2867908,20.02
2870154,20.02
2872398,20.49
2874645,20.02
2876931,20.02
2879173,20.02
2881415,20.49
2883664,20.49
2885911,20.02
2888156,20.49
2890404,20.02
2892650,20.02
2894893,20.02
2897139,20.02
2899381,20.49
2901625,20.02
2903873,20.49
2906121,20.49
2908366,20.49
2910615,20.02
2912900,20.49
2915150,20.02
2917394,20.02
2919640,20.02
2921886,20.49
2924133,20.02
2926382,20.49
2928630,20.02
2930878,20.02
2933123,20.49
2935368,20.02
2937612,20.02
2939861,20.49
2942111,20.49
2944362,20.49
2946611,20.49
2948901,20.49
2951145,20.02
2953391,20.49
2955637,20.49
2957886,20.02
2960136,20.02
2962381,20.49
2964627,20.49
2966873,20.02
2969121,20.02
2971370,20.02
2973621,20.49
2975871,20.49
2978122,20.02
2980371,20.02
2982620,20.02
2984908,20.49
2987156,20.02
2989401,20.02
2991653,20.02
2993906,20.02
2996156,20.02
2998408,20.49
3000658,20.02
3002910,20.49
3005159,20.02
3007409,20.49
3009659,20.02
3011908,20.49
3014158,20.02
3016407,20.02
3018656,20.49
3020946,20.49
3023192,20.02
3025442,20.02
3027690,20.02
3029940,20.49
3032191,20.49
3034439,20.49
3036687,20.02
3038934,20.02
3041185,20.02
3043434,20.02
3045685,20.02
3047932,20.49
3050184,20.49
3052435,20.02
3054686,20.02
3056974,20.02
3059226,20.02
3061479,20.02
3063732,20.49
3065990,20.49
3068244,20.02
3070499,20.02
3072753,20.49
3075007,20.49
3077259,20.49
3079515,20.02
3081768,20.02
3084021,20.49
3086280,20.02
3088533,20.49
3090785,20.02
3093074,20.02
3095326,20.02
3097578,20.02
3099833,20.02
3102085,20.02
3104340,20.02
3106593,20.49
3108841,20.49
3111092,20.02
3113343,20.02
3115598,20.49
3117850,20.49
3120106,20.49
3122361,20.49
3124617,20.02
3126868,20.49
3129163,20.49
3131413,20.49
3133667,20.02
3135920,20.02
3138176,20.02
3140432,20.02
3142687,20.02
3144939,20.02
3147189,20.02
3149440,20.49
3151696,20.49
3153949,20.49
3156205,20.02
3158461,20.49
3160714,20.49
3162969,20.49
3165262,20.02
3167516,20.49
3169771,20.02
3172026,20.02
3174284,20.49
3176572,20.49
3178805,20.02
3181038,20.02
3183273,20.49
3185510,20.49
3187746,19.55
3189985,20.02
3192222,20.02
3194455,20.02
3196687,20.02
3198922,20.49
3201198,20.02
3203433,20.02
3205667,20.02
3207904,20.02
3210140,20.02
3212376,20.49
3214609,20.49
3216843,20.02
3219079,20.02
3221317,20.02
3223556,20.02
3225793,20.02
3228030,20.49
3230263,20.02
3232500,20.49
3234737,20.49
3237014,20.02
3239251,20.49
3241490,20.02
3243729,20.49
3245969,20.49
3248202,20.49
3250438,20.02
3252674,20.02
3254908,20.49
3257143,20.49
3259381,20.02
3261621,20.02
3263860,20.02
3266094,20.02
3268331,20.02
3270566,20.49
3272844,20.02
3275080,20.02
3277318,20.02
3279557,20.02
3281793,20.02
3284030,20.02
3286264,20.49
3288503,20.49
3290744,20.49
3292981,20.02
3295222,20.02
3297461,20.02
3299696,20.02
3301931,20.02
3304169,20.02
3306404,20.49
3308686,20.02
3310924,20.02
3313164,20.49
3315406,20.02
3317642,20.49
3319879,20.02
3322118,20.02
3324359,20.02
3326598,20.49
3328837,20.02
3331078,20.49
3333323,20.49
3335561,20.02
3337802,20.49
3340039,20.49
3342278,20.49
3344559,20.02
3346797,20.49
3349036,20.49
3351278,20.02
3353516,20.49
3355757,20.02
3358001,20.49
3360243,20.02
3362488,20.02
3364730,20.02
3366972,20.02
3369218,20.02
3371456,20.02
3373695,20.02
3375932,20.02
3378171,20.02
3380452,20.49
3382692,20.02
3384932,20.02
3387175,20.02
3389414,20.02
3391659,20.02
3393898,20.02
3396139,20.02
3398383,20.49
3400624,20.49
3402865,20.02
3405102,20.02
3407343,20.49
3409582,20.02
3411825,20.02
3414067,20.02
3416350,20.49
3418589,20.49
3420833,20.02
3423075,20.02
3425316,20.02
3427555,20.02
3429796,20.49
3432038,20.49
3434279,20.49
3436524,20.02
3438765,20.02
3441006,20.02
3443252,20.02
3445493,20.02
3447736,20.02
3449979,20.49
3452264,20.02
3454508,20.02
3456751,20.49
3458992,20.02
3461235,20.49
3463478,20.49
3465722,20.02
3467966,20.02
3470209,20.49
3472451,20.02
3474696,20.02
3476937,20.02
3479177,20.02
3481416,20.02
3483658,20.02
3485901,20.02
3488182,20.02
3490427,20.02
3492672,20.02
3494917,20.02
3497158,20.02
3499400,20.49
3501644,20.02
3503887,20.49
3506134,20.02
3508380,20.49
3510623,20.49
3512867,20.02
3515111,20.49
3517357,20.02
3519603,20.02
3521848,20.02
3524136,20.02
3526380,20.02
3528621,19.55
3530868,20.49
3533111,20.49
3535354,20.02
3537598,20.49
3539845,20.02
3542089,20.02
3544336,20.02
3546584,20.02
3548830,20.02
3551073,20.02
3553321,20.49
3555570,20.49
3557815,20.02
3560104,20.02
3562352,20.02
3564595,20.02
3566839,20.49
3569084,20.02
3571331,20.02
3573581,20.02
3575829,20.02
3578077,20.02
3580323,20.49
3582571,20.02
3584818,20.02
3587064,20.02
3589313,20.49
3591563,20.02
3593811,20.49
3596100,20.02
3598344,20.02
3600589,20.49
3602834,20.02
3605080,20.02
3607329,20.02
3609577,20.49
3611824,20.02
3614069,20.49
3616317,20.49
3618563,20.49
3620811,20.02
3623061,20.02
3625309,20.49
3627555,20.02
3629801,20.02
3632090,20.02
3634338,20.02
3636586,20.02
3638834,20.02
3641083,20.49
3643328,20.02
3645576,20.49
3647829,20.49
3650080,20.02
3652329,20.02
3654579,20.02
3656828,20.02
3659079,20.02
3661326,20.49
3663572,20.02
3665821,20.49
3668113,20.49
3670365,20.49
3672613,20.49
3674863,20.02
3677111,20.02
3679364,20.02
3681611,20.02
3683862,20.49
3686115,20.02
3688366,20.49
3690620,20.49
3692871,20.49
3695124,20.49
3697373,20.49
3699621,20.02
3701868,20.49
3704160,20.02
3706411,20.02
3708664,20.49
3710914,20.02
3713165,20.49
3715415,20.49
3717665,20.49
3719915,20.02
3722167,20.49
3724421,20.49
3726671,20.49
3728920,20.02
3731169,20.02
3733423,20.49
3735677,20.02
3737929,20.02
3740223,20.49
3742477,20.02
3744729,20.49
3746978,20.02
3749227,20.02
3751478,20.49
3753727,20.02
3755983,20.49
3758239,20.02
3760493,20.49
3762750,20.02
3765003,20.49
3767258,20.49
3769512,20.02
3771765,20.49
3774019,20.49
3776311,20.49
3778562,20.02
3780815,20.02
3783065,19.55
3785314,20.49
3787565,20.49
3789819,20.02
3792072,20.49
3794326,20.02
3796577,20.02
3798827,20.02
3801086,20.49
3803336,20.49
3805591,20.02
3807846,20.02
3810101,20.49
3812394,20.49
3814648,20.02
3816900,20.02
3819153,20.49
3821406,20.49
3823663,20.02
3825920,20.02
3828176,20.02
3830437,20.02
3832693,20.49
3834984,20.02
3837221,20.49
3839454,20.02
3841691,20.49
3843928,20.49
3846163,20.49
3848440,20.49
3850672,20.02
3852906,20.02
3855140,20.49
3857373,20.49
3859611,20.02
3861846,20.02
3864080,20.02
3866317,20.02
3868552,20.02
3870783,20.02
3873018,20.49
3875250,20.02
3877487,20.49
3879723,20.02
3881960,20.49
3884239,20.02
3886475,20.49
3888707,20.49
3890943,20.02
3893176,20.02
3895413,20.49
3897648,20.02
3899884,20.49
3902123,20.49
3904360,20.02
3906593,20.49
3908826,20.49
3911061,20.02
3913299,20.02
3915536,20.02
3917774,20.02
3920051,20.02
3922285,20.02
3924519,20.02
3926756,20.02
3928992,20.49
3931230,20.02
3933468,20.02
3935710,20.49
3937949,20.02
3940185,20.02
3942423,20.02
3944659,20.02
3946900,20.49
3949139,20.02
3951381,20.02
3953622,20.02
3955899,20.02
3958134,20.49
3960370,20.49
3962608,20.49
3964847,20.02
3967088,20.49
3969329,20.02
3971568,20.49
3973807,20.49
3976043,20.02
3978281,20.02
3980519,20.49
3982759,20.02
3985000,20.02
3987239,20.49
3989481,20.49
3991759,20.49
3993997,20.49
3996237,20.49
3998477,20.02
4000718,20.02
4002957,20.02
4005200,20.02
4007442,20.49
4009679,20.49
4011916,20.49
4014155,20.49
4016393,20.49
4018632,20.49
4020873,20.49
4023118,20.02
4025359,20.02
4027637,20.02
4029875,20.49
4032115,20.02
4034355,20.02
4036597,20.02
4038839,20.49
4041078,20.02
4043320,20.49
4045561,20.49
4047800,20.49
4050040,20.49
4052284,20.49
4054525,20.49
4056770,20.02
4059011,20.02
4061251,20.02
4063532,20.49
4065773,20.02
4068012,20.02
4070255,20.49
4072496,20.02
4074738,20.02
4076982,20.02
4079220,20.02
4081458,20.02
4083703,20.49
4085945,20.49
4088187,20.49
4090431,20.49
4092675,20.02
4094922,20.02
4097164,20.02
4099449,20.49
4101689,20.02
4103928,20.49
4106172,20.49
4108416,20.49
4110660,20.49
4112909,20.49
4115151,20.49
4117394,20.49
4119644,20.49
4121890,20.02
4124140,20.49
4126386,20.49
4128629,20.49
4130879,20.49
4133121,20.02
4135406,20.02
4137646,20.49
4139888,20.02
4142131,20.49
4144377,20.02
4146621,20.02
4148866,20.49
4151108,20.49
4153354,20.49
4155597,20.02
4157848,20.02
4160094,20.49
4162340,20.02
4164583,20.49
4166826,20.49
4169069,20.02
4171357,20.49
4173603,20.49
4175849,20.49
4178095,20.02
4180341,20.02
4182586,20.49
4184830,20.49
4187073,20.02
4189315,20.49
4191561,20.49
4193808,20.49
4196057,20.49
4198303,20.02
4200549,20.02
4202793,20.02
4205038,20.49
4207326,20.02
4209571,20.49
4211817,20.49
4214063,20.02
4216310,20.49
4218555,20.49
4220799,20.49
4223045,20.49
4225293,20.49
4227540,20.49
4229787,20.02
4232032,20.49
4234280,20.49
4236526,20.02
4238771,20.49
4241016,20.02
4243303,20.49
4245549,20.49
4247795,20.02
4250044,20.02
4252292,20.49
4254538,20.49
4256784,20.49
4259031,20.49
4261277,20.49
4263524,20.49
4265772,20.02
4268019,20.02
4270267,20.49
4272512,20.02
4274760,20.02
4277008,20.49
4279296,20.02
4281545,20.49
4283796,20.02
4286045,20.49
4288293,20.49
4290541,20.02
4292789,20.49
4295037,20.49
4297284,20.49
4299533,20.02
4301783,20.49
4304033,20.49
4306283,20.49
4308533,20.02
4310779,20.49
4313030,20.02
4315323,20.02
4317572,20.49
4319822,20.49
4322073,20.02
4324322,20.02
4326567,20.02
4328820,20.49
4331070,20.02
4333324,20.49
4335575,20.49
4337825,20.02
4340072,20.02
4342322,20.49
4344571,20.49
4346822,20.49
4349074,20.02
4351368,20.49
4353618,20.02
4355867,20.49
4358116,20.49
4360367,20.49
4362615,20.49
4364865,20.49
4367116,20.49
4369370,20.49
4371623,20.49
4373873,20.49
4376126,20.02
4378378,20.49
4380631,20.02
4382883,20.49
4385135,20.49
4387425,20.02
4389674,20.49
4391927,20.49
4394177,20.02
4396429,20.49
4398681,20.02
4400930,20.49
4403181,20.49
4405430,20.49
4407685,20.02
4409938,20.49
4412191,20.49
4414446,20.49
4416699,20.49
4418949,20.49
4421200,20.02
4423487,20.49
4425738,20.02
4427991,20.49
4430245,20.02
4432496,20.02
4434749,20.49
4437001,20.49
4439259,20.02
4441510,20.49
4443765,20.49
4446020,20.49
4448273,20.49
4450529,20.49
4452785,20.49
4455039,20.02
4457291,20.49
4459581,20.49
4461831,20.02
4464085,20.02
4466340,20.02
4468596,20.49
4470850,20.49
4473104,20.49
4475357,20.49
4477612,20.02
4479866,20.49
4482121,20.49
4484377,20.49
4486630,20.49
4488911,20.02
4491146,20.49
4493382,20.49
4495658,20.49
4497896,20.49
4500133,20.49
4502368,20.49
4504599,20.49
4506831,20.49
4509066,20.02
4511298,20.02
4513536,20.02
4515781,20.49
4518019,20.02
4520257,20.02
4522493,20.02
4524732,20.49
4526969,20.49
4529206,20.49
4531486,20.02
4533721,20.02
4535957,20.02
4538193,20.49
4540425,20.49
4542658,20.49
4544894,20.49
4547130,20.49
4549366,20.49
4551600,20.02
4553837,20.49
4556072,19.55
4558307,20.96
4560542,20.49
4562779,20.49
4565017,20.02
4567292,20.49
4569527,20.49
4571765,20.02
4574002,20.49
4576235,20.49
4578472,20.49
4580712,20.49
4582951,20.02
4585190,20.02
4587435,20.49
4589675,20.02
4591915,20.49
4594154,20.49
4596393,20.02
4598632,20.02
4600872,20.49
4603151,20.49
4605391,20.49
4607627,20.02
4609864,20.02
4612100,20.49
4614337,20.02
4616574,20.02
4618815,20.49
4621054,20.49
4623296,20.49
4625536,20.49
4627772,20.49
4630008,20.02
4632243,20.49
4634485,20.49
4636723,20.49
4639006,20.49
4641247,20.49
4643487,20.49
4645723,20.49
4647963,20.49
4650200,20.49
4652439,20.49
4654680,20.02
4656921,20.02
4659162,20.49
4661401,20.02
4663638,20.02
4665878,20.49
4668115,20.02
4670357,20.02
4672597,20.49
4674879,20.49
4677120,20.02
4679358,20.49
4681599,20.02
4683842,20.49
4686080,20.02
4688320,20.02
4690562,20.49
4692808,20.02
4695049,20.49
4697290,20.49
4699530,20.49
4701771,20.02
4704015,20.49
4706259,20.02
4708503,20.49
4710786,20.02
4713025,20.49
4715264,20.49
4717501,20.49
4719741,20.49
4721984,20.02
4724228,20.49
4726472,20.49
4728714,20.49
4730957,20.02
4733196,20.02
4735440,20.02
4737681,20.49
4739924,20.49
4742168,20.49
4744412,20.49
4746696,20.02
4748934,20.02
4751177,20.02
4753420,20.49
4755663,20.49
4757906,20.49
4760149,20.02
4762395,20.02
4764641,20.49
4766882,20.49
4769124,20.49
4771364,20.49
4773606,20.02
4775851,20.49
4778094,20.49
4780341,20.02
4782626,20.02
4784865,20.49
4787106,20.49
4789348,20.02
4791592,20.49
4793836,20.49
4796080,20.02
4798324,20.49
4800570,20.49
4802814,20.02
4805056,20.49
4807301,20.49
4809549,20.02
4811793,20.02
4814040,20.49
4816285,20.02
4818569,20.49
4820814,20.02
4823057,20.02
4825299,20.02
4827546,20.02
4829792,20.49
4832038,20.96
4834288,20.49
4836530,20.02
4838774,20.49
4841022,20.02
4843268,20.49
4845515,20.49
4847762,20.49
4850010,20.49
4852261,20.49
4854547,20.02
4856794,20.49
4859039,20.49
4861285,20.49
4863531,20.49
4865778,20.49
4868028,20.49
4870279,20.02
4872530,20.02
4874778,20.02
4877031,20.49
4879279,20.02
4881534,20.49
4883783,20.49
4886030,20.49
4888283,20.49
4890566,20.49
4892814,20.49
4895057,20.49
4897303,20.02
4899551,20.02
4901797,20.02
4904045,20.49
4906293,20.49
4908539,20.49
4910789,20.49
4913035,20.02
4915282,20.02
4917532,20.49
4919781,20.02
4922030,20.49
4924276,20.49
4926564,20.02
4928809,20.49
4931058,20.02
4933304,20.49
4935551,20.02
4937800,20.49
4940048,20.02
4942295,20.49
4944541,20.02
4946788,20.02
4949037,20.02
4951286,20.49
4953537,20.02
4955786,20.49
4958033,20.02
4960279,20.02
4962567,20.49
4964817,20.49
4967065,20.49
4969314,20.49
4971566,20.49
4973817,20.49
4976066,20.49
4978315,20.49
4980566,20.49
4982815,20.02
4985066,20.02
4987316,20.02
4989567,20.49
4991819,20.02
4994067,20.02
4996316,20.49
4998604,20.49
5000854,20.02
5003105,20.49
5005356,20.49
5007606,20.49
5009858,20.49
5012107,20.02
5014356,20.49
5016609,20.49
5018858,20.49
5021109,20.49
5023361,20.02
5025614,20.49
5027862,20.02
5030112,20.49
5032361,20.02
5034654,20.49
5036906,20.02
5039158,20.02
5041410,20.49
5043660,20.02
5045910,20.49
5048163,20.49
5050413,20.02
5052662,20.02
5054914,20.02
5057167,20.02
5059417,20.02
5061671,20.02
5063924,20.02
5066176,20.02
5068427,20.02
5070719,20.02
5072973,20.49
5075224,20.49
5077477,20.49
5079732,20.49
5081982,20.02
5084231,20.02
5086485,20.49
5088740,20.49
5090993,20.49
5093249,20.02
5095502,20.02
5097757,20.49
5100008,20.02
5102261,20.49
5104514,20.49
5106808,20.49
5109063,20.02
5111322,20.02
5113575,20.49
5115829,20.49
5118083,20.02
5120337,20.49
5122589,20.02
5124840,20.02
5127095,20.02
5129350,20.49
5131606,20.49
5133857,20.49
5136112,20.02
5138368,20.02
5140622,20.49
5142917,20.49
5145200,20.02
5147432,20.49
5149666,20.49
5151899,20.02
5154136,20.49
5156371,20.49
5158604,20.02
5160838,20.02
5163070,20.49
5165310,20.49
5167547,20.02
5169782,20.02
5172021,20.49
5174255,20.49
5176489,20.02
5178765,20.49
